guid,board,title,description,link,image,keywords,release_at,status
amiees-pin-cat-lover-set--card,Bee & Animal Jewelry,Cat Lover Set | Nature Jewelry,"Cat Lover Set: Sleek Kitty Ring & Silver Cat Earrings, $39.99. Nature Jewelry from Amiees: cat lover gifts, cat earrings, matching jewelry set. Free shipping over $35.",https://amiees.com/products/cat-lover-set,https://cdn.shopify.com/s/files/1/0677/3201/3371/files/cat-lover-set--card.jpg,"cat lover gifts, cat earrings, matching jewelry set, jewelry gift set, cat mom gifts",2026-09-16 00:00:00,published
amiees-pin-celestial-set--field,Celestial Jewelry,Sun And Moon | Under $40,"Celestial Set: Star Earrings & Sun and Moon Ring, $39.99. Celestial Jewelry from Amiees: sun and moon, moon and star jewelry, celestial earrings. Free shipping over $35.",https://amiees.com/products/celestial-set,https://cdn.shopify.com/s/files/1/0677/3201/3371/files/celestial-set--field.jpg,"sun and moon, moon and star jewelry, celestial earrings, star earrings, gold celestial jewelry",2026-09-16 00:00:00,published
amiees-pin-crystal-blossom-jewelry-set--statement,Botanical Jewelry,Jewelry Gift Set Under $40,"Crystal Blossom Jewelry Set, $39.99. Botanical Jewelry from Amiees: matching jewelry set, jewelry gift set, botanical jewelry. Free shipping over $35.",https://amiees.com/products/crystal-blossom-jewelry-set,https://cdn.shopify.com/s/files/1/0677/3201/3371/files/crystal-blossom-jewelry-set--statement.jpg,"matching jewelry set, jewelry gift set, botanical jewelry, flower jewelry, necklace and earrings gift set",2026-09-16 00:00:00,published
amiees-pin-dangling-cat-earrings--caption,Bee & Animal Jewelry,Gold Cat Earrings | Nature Jewelry,"Dangling Cat Earrings, $19.99. Nature Jewelry from Amiees: cute cat earrings, gold cat earrings, whimsical earrings. Free shipping over $35.",https://amiees.com/products/dangling-cat-earrings,https://cdn.shopify.com/s/files/1/0677/3201/3371/files/dangling-cat-earrings--caption.jpg,"cute cat earrings, gold cat earrings, whimsical earrings, animal earrings, cat lover gifts",2026-09-16 00:00:00,published
amiees-pin-golden-bee-huggie-earrings--card,Bee & Animal Jewelry,Golden Bee Huggie Earrings | Nature Jewelry,"Golden Bee Huggie Earrings, $29.99. Nature Jewelry from Amiees: bee huggie earrings, honey bee earrings, gold bee earrings. Free shipping over $35.",https://amiees.com/products/golden-bee-huggie-earrings,https://cdn.shopify.com/s/files/1/0677/3201/3371/files/golden-bee-huggie-earrings--card.jpg,"bee huggie earrings, honey bee earrings, gold bee earrings, pearl charm earrings, whimsical earrings",2026-09-16 00:00:00,published
amiees-pin-radiant-bloom-flower-necklace--field,Botanical Jewelry,Flower Necklace | Under $25,"Radiant Bloom Flower Necklace, $24.99. Botanical Jewelry from Amiees: flower necklace, gold flower pendant necklace, daisy pendant necklace. Free shipping over $35.",https://amiees.com/products/radiant-bloom-flower-necklace,https://cdn.shopify.com/s/files/1/0677/3201/3371/files/radiant-bloom-flower-necklace--field.jpg,"flower necklace, gold flower pendant necklace, daisy pendant necklace, dainty daisy necklace, flower jewelry",2026-09-16 00:00:00,published
amiees-pin-sun-moon-layered-necklace--statement,Celestial Jewelry,Sun and Moon Necklace Under $25,"Sun & Moon Layered Necklace, $24.99. Celestial Jewelry from Amiees: layered sun and moon necklace, sun moon necklace, layered necklace. Free shipping over $35.",https://amiees.com/products/sun-moon-layered-necklace,https://cdn.shopify.com/s/files/1/0677/3201/3371/files/sun-moon-layered-necklace--statement.jpg,"layered sun and moon necklace, sun moon necklace, layered necklace, water friendly necklace, celestial necklace",2026-09-16 00:00:00,published
amiees-pin-tropical-monstera-leaf-huggie-earrings--caption,Botanical Jewelry,Gold Leaf Earrings | Botanical Jewelry,"Tropical Monstera Leaf Huggie Earrings, $24.99. Botanical Jewelry from Amiees: monstera leaf earrings, gold leaf earrings, monstera earrings. Free shipping over $35.",https://amiees.com/products/tropical-monstera-leaf-huggie-earrings,https://cdn.shopify.com/s/files/1/0677/3201/3371/files/tropical-monstera-leaf-huggie-earrings--caption.jpg,"monstera leaf earrings, gold leaf earrings, monstera earrings, tropical earrings, stainless steel earrings",2026-09-16 00:00:00,published
amiees-pin-cat-lover-set--field,Bee & Animal Jewelry,Cat Lover Gifts | Under $40,"Cat Lover Set: Sleek Kitty Ring & Silver Cat Earrings, $39.99. Nature Jewelry from Amiees: cat lover gifts, cat earrings, matching jewelry set. Free shipping over $35.",https://amiees.com/products/cat-lover-set,https://cdn.shopify.com/s/files/1/0677/3201/3371/files/cat-lover-set--field.jpg,"cat lover gifts, cat earrings, matching jewelry set, jewelry gift set, cat mom gifts",2026-09-16 00:00:00,published
amiees-pin-celestial-set--statement,Celestial Jewelry,Celestial Jewelry Under $40,"Celestial Set: Star Earrings & Sun and Moon Ring, $39.99. Celestial Jewelry from Amiees: sun and moon, moon and star jewelry, celestial earrings. Free shipping over $35.",https://amiees.com/products/celestial-set,https://cdn.shopify.com/s/files/1/0677/3201/3371/files/celestial-set--statement.jpg,"sun and moon, moon and star jewelry, celestial earrings, star earrings, gold celestial jewelry",2026-09-23 01:37:00,queued
amiees-pin-crystal-blossom-jewelry-set--caption,Botanical Jewelry,Jewelry Gift Set | Botanical Jewelry,"Crystal Blossom Jewelry Set, $39.99. Botanical Jewelry from Amiees: matching jewelry set, jewelry gift set, botanical jewelry. Free shipping over $35.",https://amiees.com/products/crystal-blossom-jewelry-set,https://cdn.shopify.com/s/files/1/0677/3201/3371/files/crystal-blossom-jewelry-set--caption.jpg,"matching jewelry set, jewelry gift set, botanical jewelry, flower jewelry, necklace and earrings gift set",2026-09-23 01:37:00,queued
amiees-pin-dangling-cat-earrings--card,Bee & Animal Jewelry,Dangling Cat Earrings | Nature Jewelry,"Dangling Cat Earrings, $19.99. Nature Jewelry from Amiees: cute cat earrings, gold cat earrings, whimsical earrings. Free shipping over $35.",https://amiees.com/products/dangling-cat-earrings,https://cdn.shopify.com/s/files/1/0677/3201/3371/files/dangling-cat-earrings--card.jpg,"cute cat earrings, gold cat earrings, whimsical earrings, animal earrings, cat lover gifts",2026-09-23 01:37:00,queued
amiees-pin-golden-bee-huggie-earrings--field,Bee & Animal Jewelry,Bee Huggie Earrings | Under $30,"Golden Bee Huggie Earrings, $29.99. Nature Jewelry from Amiees: bee huggie earrings, honey bee earrings, gold bee earrings. Free shipping over $35.",https://amiees.com/products/golden-bee-huggie-earrings,https://cdn.shopify.com/s/files/1/0677/3201/3371/files/golden-bee-huggie-earrings--field.jpg,"bee huggie earrings, honey bee earrings, gold bee earrings, pearl charm earrings, whimsical earrings",2026-09-24 13:00:00,queued
amiees-pin-radiant-bloom-flower-necklace--statement,Botanical Jewelry,Daisy Necklace Under $25,"Radiant Bloom Flower Necklace, $24.99. Botanical Jewelry from Amiees: flower necklace, gold flower pendant necklace, daisy pendant necklace. Free shipping over $35.",https://amiees.com/products/radiant-bloom-flower-necklace,https://cdn.shopify.com/s/files/1/0677/3201/3371/files/radiant-bloom-flower-necklace--statement.jpg,"flower necklace, gold flower pendant necklace, daisy pendant necklace, dainty daisy necklace, flower jewelry",2026-09-24 17:00:00,queued
amiees-pin-sun-moon-layered-necklace--caption,Celestial Jewelry,Sun Moon Necklace | Celestial Jewelry,"Sun & Moon Layered Necklace, $24.99. Celestial Jewelry from Amiees: layered sun and moon necklace, sun moon necklace, layered necklace. Free shipping over $35.",https://amiees.com/products/sun-moon-layered-necklace,https://cdn.shopify.com/s/files/1/0677/3201/3371/files/sun-moon-layered-necklace--caption.jpg,"layered sun and moon necklace, sun moon necklace, layered necklace, water friendly necklace, celestial necklace",2026-09-24 21:00:00,queued
amiees-pin-tropical-monstera-leaf-huggie-earrings--card,Botanical Jewelry,Tropical Monstera Leaf Huggie Earrings | Botanical Jewelry,"Tropical Monstera Leaf Huggie Earrings, $24.99. Botanical Jewelry from Amiees: monstera leaf earrings, gold leaf earrings, monstera earrings. Free shipping over $35.",https://amiees.com/products/tropical-monstera-leaf-huggie-earrings,https://cdn.shopify.com/s/files/1/0677/3201/3371/files/tropical-monstera-leaf-huggie-earrings--card.jpg,"monstera leaf earrings, gold leaf earrings, monstera earrings, tropical earrings, stainless steel earrings",2026-09-25 01:00:00,queued
amiees-pin-cat-lover-set--statement,Bee & Animal Jewelry,Cat Lover Gifts Under $40,"Cat Lover Set: Sleek Kitty Ring & Silver Cat Earrings, $39.99. Nature Jewelry from Amiees: cat lover gifts, cat earrings, matching jewelry set. Free shipping over $35.",https://amiees.com/products/cat-lover-set,https://cdn.shopify.com/s/files/1/0677/3201/3371/files/cat-lover-set--statement.jpg,"cat lover gifts, cat earrings, matching jewelry set, jewelry gift set, cat mom gifts",2026-09-25 13:00:00,queued
amiees-pin-celestial-set--caption,Celestial Jewelry,Moon And Star Jewelry | Celestial Jewelry,"Celestial Set: Star Earrings & Sun and Moon Ring, $39.99. Celestial Jewelry from Amiees: sun and moon, moon and star jewelry, celestial earrings. Free shipping over $35.",https://amiees.com/products/celestial-set,https://cdn.shopify.com/s/files/1/0677/3201/3371/files/celestial-set--caption.jpg,"sun and moon, moon and star jewelry, celestial earrings, star earrings, gold celestial jewelry",2026-09-25 17:00:00,queued
amiees-pin-crystal-blossom-jewelry-set--card,Botanical Jewelry,Crystal Blossom Jewelry Set | Botanical Jewelry,"Crystal Blossom Jewelry Set, $39.99. Botanical Jewelry from Amiees: matching jewelry set, jewelry gift set, botanical jewelry. Free shipping over $35.",https://amiees.com/products/crystal-blossom-jewelry-set,https://cdn.shopify.com/s/files/1/0677/3201/3371/files/crystal-blossom-jewelry-set--card.jpg,"matching jewelry set, jewelry gift set, botanical jewelry, flower jewelry, necklace and earrings gift set",2026-09-25 21:00:00,queued
amiees-pin-dangling-cat-earrings--field,Bee & Animal Jewelry,Cute Cat Earrings | Under $20,"Dangling Cat Earrings, $19.99. Nature Jewelry from Amiees: cute cat earrings, gold cat earrings, whimsical earrings. Free shipping over $35.",https://amiees.com/products/dangling-cat-earrings,https://cdn.shopify.com/s/files/1/0677/3201/3371/files/dangling-cat-earrings--field.jpg,"cute cat earrings, gold cat earrings, whimsical earrings, animal earrings, cat lover gifts",2026-09-26 01:00:00,queued
amiees-pin-golden-bee-huggie-earrings--statement,Bee & Animal Jewelry,Bee Earrings Under $30,"Golden Bee Huggie Earrings, $29.99. Nature Jewelry from Amiees: bee huggie earrings, honey bee earrings, gold bee earrings. Free shipping over $35.",https://amiees.com/products/golden-bee-huggie-earrings,https://cdn.shopify.com/s/files/1/0677/3201/3371/files/golden-bee-huggie-earrings--statement.jpg,"bee huggie earrings, honey bee earrings, gold bee earrings, pearl charm earrings, whimsical earrings",2026-09-26 13:00:00,queued
amiees-pin-radiant-bloom-flower-necklace--caption,Botanical Jewelry,Gold Flower Pendant Necklace | Botanical Jewelry,"Radiant Bloom Flower Necklace, $24.99. Botanical Jewelry from Amiees: flower necklace, gold flower pendant necklace, daisy pendant necklace. Free shipping over $35.",https://amiees.com/products/radiant-bloom-flower-necklace,https://cdn.shopify.com/s/files/1/0677/3201/3371/files/radiant-bloom-flower-necklace--caption.jpg,"flower necklace, gold flower pendant necklace, daisy pendant necklace, dainty daisy necklace, flower jewelry",2026-09-26 17:00:00,queued
amiees-pin-sun-moon-layered-necklace--card,Celestial Jewelry,Sun & Moon Layered Necklace | Celestial Jewelry,"Sun & Moon Layered Necklace, $24.99. Celestial Jewelry from Amiees: layered sun and moon necklace, sun moon necklace, layered necklace. Free shipping over $35.",https://amiees.com/products/sun-moon-layered-necklace,https://cdn.shopify.com/s/files/1/0677/3201/3371/files/sun-moon-layered-necklace--card.jpg,"layered sun and moon necklace, sun moon necklace, layered necklace, water friendly necklace, celestial necklace",2026-09-26 21:00:00,queued
amiees-pin-tropical-monstera-leaf-huggie-earrings--field,Botanical Jewelry,Monstera Leaf Earrings | Under $25,"Tropical Monstera Leaf Huggie Earrings, $24.99. Botanical Jewelry from Amiees: monstera leaf earrings, gold leaf earrings, monstera earrings. Free shipping over $35.",https://amiees.com/products/tropical-monstera-leaf-huggie-earrings,https://cdn.shopify.com/s/files/1/0677/3201/3371/files/tropical-monstera-leaf-huggie-earrings--field.jpg,"monstera leaf earrings, gold leaf earrings, monstera earrings, tropical earrings, stainless steel earrings",2026-09-27 01:00:00,queued
amiees-pin-cat-lover-set--caption,Bee & Animal Jewelry,Cat Earrings | Nature Jewelry,"Cat Lover Set: Sleek Kitty Ring & Silver Cat Earrings, $39.99. Nature Jewelry from Amiees: cat lover gifts, cat earrings, matching jewelry set. Free shipping over $35.",https://amiees.com/products/cat-lover-set,https://cdn.shopify.com/s/files/1/0677/3201/3371/files/cat-lover-set--caption.jpg,"cat lover gifts, cat earrings, matching jewelry set, jewelry gift set, cat mom gifts",2026-09-27 13:00:00,queued
amiees-pin-celestial-set--card,Celestial Jewelry,Celestial Set | Celestial Jewelry,"Celestial Set: Star Earrings & Sun and Moon Ring, $39.99. Celestial Jewelry from Amiees: sun and moon, moon and star jewelry, celestial earrings. Free shipping over $35.",https://amiees.com/products/celestial-set,https://cdn.shopify.com/s/files/1/0677/3201/3371/files/celestial-set--card.jpg,"sun and moon, moon and star jewelry, celestial earrings, star earrings, gold celestial jewelry",2026-09-27 17:00:00,queued
amiees-pin-crystal-blossom-jewelry-set--field,Botanical Jewelry,Matching Jewelry Set | Under $40,"Crystal Blossom Jewelry Set, $39.99. Botanical Jewelry from Amiees: matching jewelry set, jewelry gift set, botanical jewelry. Free shipping over $35.",https://amiees.com/products/crystal-blossom-jewelry-set,https://cdn.shopify.com/s/files/1/0677/3201/3371/files/crystal-blossom-jewelry-set--field.jpg,"matching jewelry set, jewelry gift set, botanical jewelry, flower jewelry, necklace and earrings gift set",2026-09-27 21:00:00,queued
amiees-pin-dangling-cat-earrings--statement,Bee & Animal Jewelry,Cat Earrings Under $20,"Dangling Cat Earrings, $19.99. Nature Jewelry from Amiees: cute cat earrings, gold cat earrings, whimsical earrings. Free shipping over $35.",https://amiees.com/products/dangling-cat-earrings,https://cdn.shopify.com/s/files/1/0677/3201/3371/files/dangling-cat-earrings--statement.jpg,"cute cat earrings, gold cat earrings, whimsical earrings, animal earrings, cat lover gifts",2026-09-28 01:00:00,queued
amiees-pin-golden-bee-huggie-earrings--caption,Bee & Animal Jewelry,Honey Bee Earrings | Nature Jewelry,"Golden Bee Huggie Earrings, $29.99. Nature Jewelry from Amiees: bee huggie earrings, honey bee earrings, gold bee earrings. Free shipping over $35.",https://amiees.com/products/golden-bee-huggie-earrings,https://cdn.shopify.com/s/files/1/0677/3201/3371/files/golden-bee-huggie-earrings--caption.jpg,"bee huggie earrings, honey bee earrings, gold bee earrings, pearl charm earrings, whimsical earrings",2026-09-28 13:00:00,queued
amiees-pin-radiant-bloom-flower-necklace--card,Botanical Jewelry,Radiant Bloom Flower Necklace | Botanical Jewelry,"Radiant Bloom Flower Necklace, $24.99. Botanical Jewelry from Amiees: flower necklace, gold flower pendant necklace, daisy pendant necklace. Free shipping over $35.",https://amiees.com/products/radiant-bloom-flower-necklace,https://cdn.shopify.com/s/files/1/0677/3201/3371/files/radiant-bloom-flower-necklace--card.jpg,"flower necklace, gold flower pendant necklace, daisy pendant necklace, dainty daisy necklace, flower jewelry",2026-09-28 17:00:00,queued
amiees-pin-sun-moon-layered-necklace--field,Celestial Jewelry,Layered Sun And Moon Necklace | Under $25,"Sun & Moon Layered Necklace, $24.99. Celestial Jewelry from Amiees: layered sun and moon necklace, sun moon necklace, layered necklace. Free shipping over $35.",https://amiees.com/products/sun-moon-layered-necklace,https://cdn.shopify.com/s/files/1/0677/3201/3371/files/sun-moon-layered-necklace--field.jpg,"layered sun and moon necklace, sun moon necklace, layered necklace, water friendly necklace, celestial necklace",2026-09-28 21:00:00,queued
amiees-pin-tropical-monstera-leaf-huggie-earrings--statement,Botanical Jewelry,Leaf Earrings Under $25,"Tropical Monstera Leaf Huggie Earrings, $24.99. Botanical Jewelry from Amiees: monstera leaf earrings, gold leaf earrings, monstera earrings. Free shipping over $35.",https://amiees.com/products/tropical-monstera-leaf-huggie-earrings,https://cdn.shopify.com/s/files/1/0677/3201/3371/files/tropical-monstera-leaf-huggie-earrings--statement.jpg,"monstera leaf earrings, gold leaf earrings, monstera earrings, tropical earrings, stainless steel earrings",2026-09-29 01:00:00,queued
amiees-scene-radiant-bloom-flower-necklace-gold-editorial,Botanical Jewelry,Gold Daisy Necklace | Radiant Bloom Flower Necklace,"Radiant Bloom Flower Necklace, gold tone. A sparkling daisy pendant on a dainty chain, made for everyday wear. Part of the botanical jewelry collection from Amiees, under $25. Gold flower pendant necklace, flower necklace and dainty daisy necklace for everyday wear or gifting. Free shipping over $35.",https://amiees.com/products/radiant-bloom-flower-necklace?utm_source=pinterest&utm_medium=organic&utm_campaign=scene_pins,https://cdn.shopify.com/s/files/1/0677/3201/3371/files/radiant-bloom-flower-necklace-gold-editorial.jpg,"daisy necklace, gold flower pendant necklace, flower necklace, dainty daisy necklace",2026-10-01 13:00:00,queued
amiees-scene-dangling-cat-earrings-black-white-dish,Bee & Animal Jewelry,Tuxedo Cat Earrings | Dangling Cat Earrings,"Dangling Cat Earrings, tuxedo cat. Enamel cats that hang on by their paws. Part of the bee & animal jewelry collection from Amiees, under $20. Cute cat earrings, gold cat earrings and cat lover gifts for everyday wear or gifting. Free shipping over $35.",https://amiees.com/products/dangling-cat-earrings?utm_source=pinterest&utm_medium=organic&utm_campaign=scene_pins,https://cdn.shopify.com/s/files/1/0677/3201/3371/files/dangling-cat-earrings-black-white-dish.jpg,"cat earrings, cute cat earrings, gold cat earrings, cat lover gifts",2026-10-01 18:00:00,queued
amiees-scene-soleil-sun-pendant-necklace-gold-tone-multicolor-editorial,Celestial Jewelry,Sun Necklace | Soleil Sun Pendant Necklace,"Soleil Sun Pendant Necklace. A little sun pendant on a gold tone chain with colorful beads. Part of the celestial jewelry collection from Amiees, under $20. Sun pendant necklace, celestial necklace and beaded sun necklace for everyday wear or gifting. Free shipping over $35.",https://amiees.com/products/soleil-sun-pendant-necklace?utm_source=pinterest&utm_medium=organic&utm_campaign=scene_pins,https://cdn.shopify.com/s/files/1/0677/3201/3371/files/soleil-sun-pendant-necklace-gold-tone-multicolor-editorial.jpg,"sun necklace, sun pendant necklace, celestial necklace, beaded sun necklace",2026-10-01 23:00:00,queued
amiees-scene-sun-moon-layered-necklace-gold-editorial,Celestial Jewelry,Gold Sun and Moon Necklace | Sun & Moon Layered Necklace,"Sun & Moon Layered Necklace, gold tone. A crescent moon and an open sun on two layered chains, worn as one piece. Part of the celestial jewelry collection from Amiees, under $25. Layered sun and moon necklace, celestial necklace and dainty layered necklace for everyday wear or gifting. Free shipping over $35.",https://amiees.com/products/sun-moon-layered-necklace?utm_source=pinterest&utm_medium=organic&utm_campaign=scene_pins,https://cdn.shopify.com/s/files/1/0677/3201/3371/files/sun-moon-layered-necklace-gold-editorial.jpg,"sun and moon necklace, layered sun and moon necklace, celestial necklace, dainty layered necklace",2026-10-02 13:00:00,queued
amiees-scene-dangling-cat-silver-necklace-black-white-dish,Bee & Animal Jewelry,Tuxedo Cat Necklace | Dangling Cat Silver Necklace,"Dangling Cat Silver Necklace, tuxedo cat. An enamel cat hanging from a silver tone chain. Part of the bee & animal jewelry collection from Amiees, under $20. Silver cat necklace, cute cat necklace and cat mom gifts for everyday wear or gifting. Free shipping over $35.",https://amiees.com/products/dangling-cat-silver-necklace?utm_source=pinterest&utm_medium=organic&utm_campaign=scene_pins,https://cdn.shopify.com/s/files/1/0677/3201/3371/files/dangling-cat-silver-necklace-black-white-dish.jpg,"cat necklace, silver cat necklace, cute cat necklace, cat mom gifts",2026-10-02 18:00:00,queued
amiees-scene-tropical-monstera-leaf-huggie-earrings-black-white-editorial,Botanical Jewelry,Black and White Leaf Earrings | Tropical Monstera Leaf Huggie Earrings,"Tropical Monstera Leaf Huggie Earrings, monochrome. Enamel monstera leaves on gold tone huggies, a small gift for plant lovers. Part of the botanical jewelry collection from Amiees, under $25. Monstera leaf earrings, gold leaf earrings and plant lover gifts for everyday wear or gifting. Free shipping over $35.",https://amiees.com/products/tropical-monstera-leaf-huggie-earrings?utm_source=pinterest&utm_medium=organic&utm_campaign=scene_pins,https://cdn.shopify.com/s/files/1/0677/3201/3371/files/tropical-monstera-leaf-huggie-earrings-black-white-editorial.jpg,"leaf earrings, monstera leaf earrings, gold leaf earrings, plant lover gifts",2026-10-02 23:00:00,queued
amiees-scene-celestial-set-gold-editorial,Celestial Jewelry,Gold Celestial Jewelry | Celestial Set,"Celestial Set, gold tone. Star and moon earrings with a sun and moon ring, in gold tone or silver tone. Part of the celestial jewelry collection from Amiees, under $40. Moon and star jewelry, celestial jewelry set and jewelry gift set for everyday wear or gifting. Free shipping over $35.",https://amiees.com/products/celestial-set?utm_source=pinterest&utm_medium=organic&utm_campaign=scene_pins,https://cdn.shopify.com/s/files/1/0677/3201/3371/files/celestial-set-gold-editorial.jpg,"celestial jewelry, moon and star jewelry, celestial jewelry set, jewelry gift set",2026-10-03 13:00:00,queued
amiees-scene-gold-dangling-cat-necklace-black-white-editorial,Bee & Animal Jewelry,Tuxedo Cat Necklace | Gold Dangling Cat Necklace,"Gold Dangling Cat Necklace, tuxedo cat. An enamel cat hanging from a gold tone chain. Part of the bee & animal jewelry collection from Amiees, under $20. Gold cat necklace, cute cat necklace and gifts for cat lovers for everyday wear or gifting. Free shipping over $35.",https://amiees.com/products/gold-dangling-cat-necklace?utm_source=pinterest&utm_medium=organic&utm_campaign=scene_pins,https://cdn.shopify.com/s/files/1/0677/3201/3371/files/gold-dangling-cat-necklace-black-white-editorial.jpg,"cat necklace, gold cat necklace, cute cat necklace, gifts for cat lovers",2026-10-03 18:00:00,queued
amiees-scene-celestial-star-earrings-gold-editorial,Celestial Jewelry,Gold Star Earrings | Celestial Star Earrings,"Celestial Star Earrings, gold tone. A star on one ear and a crescent moon on the other. Part of the celestial jewelry collection from Amiees, under $25. Moon and star earrings, celestial earrings and mismatched earrings for everyday wear or gifting. Free shipping over $35.",https://amiees.com/products/celestial-star-earrings?utm_source=pinterest&utm_medium=organic&utm_campaign=scene_pins,https://cdn.shopify.com/s/files/1/0677/3201/3371/files/celestial-star-earrings-gold-editorial.jpg,"star earrings, moon and star earrings, celestial earrings, mismatched earrings",2026-10-03 23:00:00,queued
amiees-scene-celestial-sun-and-moon-ring-gold-editorial,Celestial Jewelry,Gold Sun and Moon Ring | Celestial Sun and Moon Ring,"Celestial Sun and Moon Ring, gold tone. Suns and moon phases cut through a simple band. Part of the celestial jewelry collection from Amiees, under $20. Celestial ring, moon phase ring and celestial band ring for everyday wear or gifting. Free shipping over $35.",https://amiees.com/products/celestial-sun-and-moon-ring?utm_source=pinterest&utm_medium=organic&utm_campaign=scene_pins,https://cdn.shopify.com/s/files/1/0677/3201/3371/files/celestial-sun-and-moon-ring-gold-editorial.jpg,"sun and moon ring, celestial ring, moon phase ring, celestial band ring",2026-10-04 13:00:00,queued
amiees-scene-fox-bunny-kitty-earrings-bunny-editorial,Bee & Animal Jewelry,"Bunny Earrings | Fox, Bunny & Kitty Earrings","Fox, Bunny & Kitty Earrings, chill bunny. Enamel fox, bunny and kitty earrings, each sold as its own pair. Part of the bee & animal jewelry collection from Amiees, under $20. Cute animal earrings, animal earrings and whimsical earrings for everyday wear or gifting. Free shipping over $35.",https://amiees.com/products/fox-bunny-kitty-earrings?utm_source=pinterest&utm_medium=organic&utm_campaign=scene_pins,https://cdn.shopify.com/s/files/1/0677/3201/3371/files/fox-bunny-kitty-earrings-bunny-editorial.jpg,"bunny earrings, cute animal earrings, animal earrings, whimsical earrings",2026-10-04 18:00:00,queued
amiees-scene-crystal-blossom-jewelry-set-pink-editorial,Botanical Jewelry,Pink Jewelry Gift Set | Crystal Blossom Jewelry Set,"Crystal Blossom Jewelry Set, pink. The blossom necklace and matching studs together, ready to give. Part of the botanical jewelry collection from Amiees, under $40. Necklace and earrings gift set, matching jewelry set and flower jewelry set for everyday wear or gifting. Free shipping over $35.",https://amiees.com/products/crystal-blossom-jewelry-set?utm_source=pinterest&utm_medium=organic&utm_campaign=scene_pins,https://cdn.shopify.com/s/files/1/0677/3201/3371/files/crystal-blossom-jewelry-set-pink-editorial.jpg,"jewelry gift set, necklace and earrings gift set, matching jewelry set, flower jewelry set",2026-10-04 23:00:00,queued
amiees-scene-crystal-blossom-pendant-necklace-pink-editorial,Botanical Jewelry,Pink Flower Necklace | Crystal Blossom Pendant Necklace,"Crystal Blossom Pendant Necklace, pink. A five petal blossom pendant with a single crystal at its heart. Part of the botanical jewelry collection from Amiees, under $25. Cherry blossom necklace, dainty silver necklace and floral pendant necklace for everyday wear or gifting. Free shipping over $35.",https://amiees.com/products/crystal-blossom-pendant-necklace?utm_source=pinterest&utm_medium=organic&utm_campaign=scene_pins,https://cdn.shopify.com/s/files/1/0677/3201/3371/files/crystal-blossom-pendant-necklace-pink-editorial.jpg,"flower necklace, cherry blossom necklace, dainty silver necklace, floral pendant necklace",2026-10-05 13:00:00,queued
amiees-scene-aiko-cat-heart-earrings-black-cat-editorial-close-up-24405f9faf2e754a,Bee & Animal Jewelry,Black Cat Earrings | Aiko Cat Heart Earrings,"Aiko Cat Heart Earrings, black cat. A little cat sitting inside an open heart. Part of the bee & animal jewelry collection from Amiees, under $20. Cat heart earrings, black cat earrings and cat lover gifts for everyday wear or gifting. Free shipping over $35.",https://amiees.com/products/aiko-cat-heart-earrings?utm_source=pinterest&utm_medium=organic&utm_campaign=scene_pins,https://cdn.shopify.com/s/files/1/0677/3201/3371/files/aiko-cat-heart-earrings-black-cat-editorial-close-up-24405f9faf2e754a.jpg,"cat earrings, cat heart earrings, black cat earrings, cat lover gifts",2026-10-05 18:00:00,queued
amiees-scene-crystal-blossom-stud-earrings-pink-editorial,Botanical Jewelry,Pink Flower Stud Earrings | Crystal Blossom Stud Earrings,"Crystal Blossom Stud Earrings, pink. Blossom studs with a crystal center, small enough to wear every day. Part of the botanical jewelry collection from Amiees, under $20. Floral earrings, cherry blossom earrings and dainty flower studs for everyday wear or gifting. Free shipping over $35.",https://amiees.com/products/crystal-blossom-stud-earrings?utm_source=pinterest&utm_medium=organic&utm_campaign=scene_pins,https://cdn.shopify.com/s/files/1/0677/3201/3371/files/crystal-blossom-stud-earrings-pink-editorial.jpg,"flower stud earrings, floral earrings, cherry blossom earrings, dainty flower studs",2026-10-05 23:00:00,queued
amiees-scene-raindrop-earrings-blue-editorial,Celestial Jewelry,Blue Raindrop Earrings | Raindrop Earrings,"Raindrop Earrings, blue. Little clouds trailing glittering raindrops. Part of the celestial jewelry collection from Amiees, under $25. Cloud earrings, rain cloud earrings and whimsical earrings for everyday wear or gifting. Free shipping over $35.",https://amiees.com/products/raindrop-earrings?utm_source=pinterest&utm_medium=organic&utm_campaign=scene_pins,https://cdn.shopify.com/s/files/1/0677/3201/3371/files/raindrop-earrings-blue-editorial.jpg,"raindrop earrings, cloud earrings, rain cloud earrings, whimsical earrings",2026-10-06 13:00:00,queued
amiees-scene-angel-hair-bracelet-gold-tone-editorial-close-up-123ec080d9617ce6,Botanical Jewelry,Gold Dainty Bracelet | Angel Hair Bracelet,"Angel Hair Bracelet, gold tone. A barely there chain bracelet for stacking or wearing alone. Part of the botanical jewelry collection from Amiees, under $20. Minimalist chain bracelet, everyday bracelet and thin chain bracelet for everyday wear or gifting. Free shipping over $35.",https://amiees.com/products/angel-hair-bracelet?utm_source=pinterest&utm_medium=organic&utm_campaign=scene_pins,https://cdn.shopify.com/s/files/1/0677/3201/3371/files/angel-hair-bracelet-gold-tone-editorial-close-up-123ec080d9617ce6.jpg,"dainty bracelet, minimalist chain bracelet, everyday bracelet, thin chain bracelet",2026-10-06 18:00:00,queued
amiees-scene-tropical-monstera-leaf-huggie-earrings-blue-green-editorial,Botanical Jewelry,Monstera Leaf Earrings Under $25,"Tropical Monstera Leaf Huggie Earrings, blue. Enamel monstera leaves on gold tone huggies, a small gift for plant lovers. Part of the botanical jewelry collection from Amiees, under $25. Monstera leaf earrings, gold leaf earrings and plant lover gifts for everyday wear or gifting. Free shipping over $35.",https://amiees.com/products/tropical-monstera-leaf-huggie-earrings?utm_source=pinterest&utm_medium=organic&utm_campaign=scene_pins,https://cdn.shopify.com/s/files/1/0677/3201/3371/files/tropical-monstera-leaf-huggie-earrings-blue-green-editorial.jpg,"leaf earrings, monstera leaf earrings, gold leaf earrings, plant lover gifts",2026-10-06 23:00:00,queued
amiees-scene-celestial-gold-huggie-earrings-moon-star-duo-gold-editorial,Celestial Jewelry,Gold Moon and Star Earrings | Moon & Star Huggie Earrings,"Moon & Star Huggie Earrings, gold tone. A crescent moon and a star, each hanging from a gold tone huggie. Part of the celestial jewelry collection from Amiees, under $30. Celestial huggie earrings, gold huggie earrings and night sky jewelry for everyday wear or gifting. Free shipping over $35.",https://amiees.com/products/celestial-gold-huggie-earrings-moon-star-duo?utm_source=pinterest&utm_medium=organic&utm_campaign=scene_pins,https://cdn.shopify.com/s/files/1/0677/3201/3371/files/celestial-gold-huggie-earrings-moon-star-duo-gold-editorial.jpg,"moon and star earrings, celestial huggie earrings, gold huggie earrings, night sky jewelry",2026-10-07 13:00:00,queued
amiees-scene-dangling-cat-earrings-black-white-text,Bee & Animal Jewelry,Cute Cat Earrings Under $20,"Dangling Cat Earrings, tuxedo cat. Enamel cats that hang on by their paws. Part of the bee & animal jewelry collection from Amiees, under $20. Cute cat earrings, gold cat earrings and cat lover gifts for everyday wear or gifting. Free shipping over $35.",https://amiees.com/products/dangling-cat-earrings?utm_source=pinterest&utm_medium=organic&utm_campaign=scene_pins,https://cdn.shopify.com/s/files/1/0677/3201/3371/files/dangling-cat-earrings-black-white-text.jpg,"cat earrings, cute cat earrings, gold cat earrings, cat lover gifts",2026-10-07 18:00:00,queued
amiees-scene-bee-honeycomb-mismatched-earrings-editorial,Bee & Animal Jewelry,Bee Earrings | Bee and Honeycomb Earrings,"Bee and Honeycomb Earrings. A bee on one ear and its honeycomb on the other. Part of the bee & animal jewelry collection from Amiees, under $20. Honeycomb earrings, mismatched earrings and honey bee earrings for everyday wear or gifting. Free shipping over $35.",https://amiees.com/products/bee-honeycomb-mismatched-earrings?utm_source=pinterest&utm_medium=organic&utm_campaign=scene_pins,https://cdn.shopify.com/s/files/1/0677/3201/3371/files/bee-honeycomb-mismatched-earrings-editorial.jpg,"bee earrings, honeycomb earrings, mismatched earrings, honey bee earrings",2026-10-07 23:00:00,queued
amiees-scene-butterfly-choker-necklace-silver-editorial,Bee & Animal Jewelry,Silver Butterfly Necklace | Butterfly Choker Necklace,"Butterfly Choker Necklace, silver tone. Silver butterflies on a looped chain with a star drop. Part of the bee & animal jewelry collection from Amiees, under $20. Butterfly choker, silver butterfly necklace and layered chain choker for everyday wear or gifting. Free shipping over $35.",https://amiees.com/products/butterfly-choker-necklace?utm_source=pinterest&utm_medium=organic&utm_campaign=scene_pins,https://cdn.shopify.com/s/files/1/0677/3201/3371/files/butterfly-choker-necklace-silver-editorial.jpg,"butterfly necklace, butterfly choker, silver butterfly necklace, layered chain choker",2026-10-08 13:00:00,queued
amiees-scene-dangling-cat-silver-necklace-black-white-text,Bee & Animal Jewelry,Silver Cat Necklace Under $20,"Dangling Cat Silver Necklace, tuxedo cat. An enamel cat hanging from a silver tone chain. Part of the bee & animal jewelry collection from Amiees, under $20. Silver cat necklace, cute cat necklace and cat mom gifts for everyday wear or gifting. Free shipping over $35.",https://amiees.com/products/dangling-cat-silver-necklace?utm_source=pinterest&utm_medium=organic&utm_campaign=scene_pins,https://cdn.shopify.com/s/files/1/0677/3201/3371/files/dangling-cat-silver-necklace-black-white-text.jpg,"cat necklace, silver cat necklace, cute cat necklace, cat mom gifts",2026-10-08 18:00:00,queued
amiees-scene-celestial-rainbow-dome-huggie-earrings-gold-editorial,Celestial Jewelry,Gold Rainbow Huggie Earrings | Celestial Rainbow Dome Huggies,"Celestial Rainbow Dome Huggies, gold tone. Rounded gold tone domes set with tiny rainbow stones and stars. Part of the celestial jewelry collection from Amiees, under $30. Chunky gold huggies, celestial earrings and colorful hoop earrings for everyday wear or gifting. Free shipping over $35.",https://amiees.com/products/celestial-rainbow-dome-huggie-earrings?utm_source=pinterest&utm_medium=organic&utm_campaign=scene_pins,https://cdn.shopify.com/s/files/1/0677/3201/3371/files/celestial-rainbow-dome-huggie-earrings-gold-editorial.jpg,"rainbow huggie earrings, chunky gold huggies, celestial earrings, colorful hoop earrings",2026-10-08 23:00:00,queued
amiees-scene-daisy-petal-ring-gold-white-editorial,Botanical Jewelry,Daisy Ring | Daisy Petal Ring,"Daisy Petal Ring. White enamel daisy petals wrapped around an open band. Part of the botanical jewelry collection from Amiees, under $25. White flower ring, statement flower ring and cute daisy ring for everyday wear or gifting. Free shipping over $35.",https://amiees.com/products/daisy-petal-ring?utm_source=pinterest&utm_medium=organic&utm_campaign=scene_pins,https://cdn.shopify.com/s/files/1/0677/3201/3371/files/daisy-petal-ring-gold-white-editorial.jpg,"daisy ring, white flower ring, statement flower ring, cute daisy ring",2026-10-09 13:00:00,queued
amiees-scene-flower-kitty-earrings-black-dish,Bee & Animal Jewelry,Black Cat Earrings | Flower Kitty Earrings,"Flower Kitty Earrings, black. Enamel cats covered in daisies and leaves. Part of the bee & animal jewelry collection from Amiees, under $20. Flower cat earrings, cute cat earrings and cottagecore earrings for everyday wear or gifting. Free shipping over $35.",https://amiees.com/products/flower-kitty-earrings?utm_source=pinterest&utm_medium=organic&utm_campaign=scene_pins,https://cdn.shopify.com/s/files/1/0677/3201/3371/files/flower-kitty-earrings-black-dish.jpg,"cat earrings, flower cat earrings, cute cat earrings, cottagecore earrings",2026-10-09 18:00:00,queued
amiees-scene-daisy-ring-silver-editorial,Botanical Jewelry,Silver Daisy Ring | Daisy Ring,"Daisy Ring, silver tone. An open daisy ring with a little leaf, adjustable to fit. Part of the botanical jewelry collection from Amiees, under $25. Flower ring, silver daisy ring and adjustable flower ring for everyday wear or gifting. Free shipping over $35.",https://amiees.com/products/daisy-ring?utm_source=pinterest&utm_medium=organic&utm_campaign=scene_pins,https://cdn.shopify.com/s/files/1/0677/3201/3371/files/daisy-ring-silver-editorial.jpg,"daisy ring, flower ring, silver daisy ring, adjustable flower ring",2026-10-09 23:00:00,queued
amiees-scene-dolphin-dreams-ring-silver-dish,Bee & Animal Jewelry,Silver Dolphin Ring | Dolphin Dreams Ring,"Dolphin Dreams Ring, silver tone. Two dolphins circling an open band. Part of the bee & animal jewelry collection from Amiees, under $25. Ocean ring, silver dolphin ring and wrap ring for everyday wear or gifting. Free shipping over $35.",https://amiees.com/products/dolphin-dreams-ring?utm_source=pinterest&utm_medium=organic&utm_campaign=scene_pins,https://cdn.shopify.com/s/files/1/0677/3201/3371/files/dolphin-dreams-ring-silver-dish.jpg,"dolphin ring, ocean ring, silver dolphin ring, wrap ring",2026-10-10 13:00:00,queued
amiees-scene-harmony-cat-necklace-black-silver-duo-dish,Bee & Animal Jewelry,Cat Necklace | Harmony Cat Necklace,"Harmony Cat Necklace, black and silver pair. Two cats that fit together, one necklace for you and one to share. Part of the bee & animal jewelry collection from Amiees, under $25. Matching cat necklaces, friendship necklace and couples necklace for everyday wear or gifting. Free shipping over $35.",https://amiees.com/products/harmony-cat-necklace?utm_source=pinterest&utm_medium=organic&utm_campaign=scene_pins,https://cdn.shopify.com/s/files/1/0677/3201/3371/files/harmony-cat-necklace-black-silver-duo-dish.jpg,"cat necklace, matching cat necklaces, friendship necklace, couples necklace",2026-10-10 18:00:00,queued
amiees-scene-fancy-bee-earrings-yellow-black-editorial,Bee & Animal Jewelry,Bee Earrings | Fancy Bee Earrings,"Fancy Bee Earrings. Yellow enamel bumble bees with a pearl, on gold tone hooks. Part of the bee & animal jewelry collection from Amiees, under $20. Cute bee earrings, bumble bee earrings and pearl bee earrings for everyday wear or gifting. Free shipping over $35.",https://amiees.com/products/fancy-bee-earrings?utm_source=pinterest&utm_medium=organic&utm_campaign=scene_pins,https://cdn.shopify.com/s/files/1/0677/3201/3371/files/fancy-bee-earrings-yellow-black-editorial.jpg,"bee earrings, cute bee earrings, bumble bee earrings, pearl bee earrings",2026-10-10 23:00:00,queued
amiees-scene-golden-bee-huggie-earrings-gold-tone-green-editorial,Bee & Animal Jewelry,Bee Earrings | Golden Bee Huggie Earrings,"Golden Bee Huggie Earrings. Enamel winged bees with a pearl charm on gold tone huggies. Part of the bee & animal jewelry collection from Amiees, under $30. Gold bee earrings, bee huggie earrings and honey bee earrings for everyday wear or gifting. Free shipping over $35.",https://amiees.com/products/golden-bee-huggie-earrings?utm_source=pinterest&utm_medium=organic&utm_campaign=scene_pins,https://cdn.shopify.com/s/files/1/0677/3201/3371/files/golden-bee-huggie-earrings-gold-tone-green-editorial.jpg,"bee earrings, gold bee earrings, bee huggie earrings, honey bee earrings",2026-10-11 13:00:00,queued
amiees-scene-silver-cat-earrings-black-editorial,Bee & Animal Jewelry,Black Cat Earrings | Silver Cat Earrings,"Silver Cat Earrings, black. A cat on one ear and its fish on the other. Part of the bee & animal jewelry collection from Amiees, under $20. Cat and fish earrings, silver cat earrings and mismatched earrings for everyday wear or gifting. Free shipping over $35.",https://amiees.com/products/silver-cat-earrings?utm_source=pinterest&utm_medium=organic&utm_campaign=scene_pins,https://cdn.shopify.com/s/files/1/0677/3201/3371/files/silver-cat-earrings-black-editorial.jpg,"cat earrings, cat and fish earrings, silver cat earrings, mismatched earrings",2026-10-11 18:00:00,queued
amiees-scene-golden-center-daisy-ring-silver-flower-statement-ring-silver-gold-editorial,Botanical Jewelry,Flower Statement Ring | Golden Center Daisy Ring,"Golden Center Daisy Ring. An outlined daisy with a textured golden center, a ring that gets noticed. Part of the botanical jewelry collection from Amiees, under $25. Silver flower ring, daisy ring and open flower ring for everyday wear or gifting. Free shipping over $35.",https://amiees.com/products/golden-center-daisy-ring-silver-flower-statement-ring?utm_source=pinterest&utm_medium=organic&utm_campaign=scene_pins,https://cdn.shopify.com/s/files/1/0677/3201/3371/files/golden-center-daisy-ring-silver-flower-statement-ring-silver-gold-editorial.jpg,"flower statement ring, silver flower ring, daisy ring, open flower ring",2026-10-11 23:00:00,queued
amiees-scene-honeybee-charm-gold-huggie-earrings-gold-editorial,Bee & Animal Jewelry,Gold Bee Earrings | Honeybee Charm Huggie Earrings,"Honeybee Charm Huggie Earrings, gold tone. Gold tone bees carrying a champagne crystal, hanging from huggies. Part of the bee & animal jewelry collection from Amiees, under $30. Honeybee earrings, gold huggie earrings and bee charm earrings for everyday wear or gifting. Free shipping over $35.",https://amiees.com/products/honeybee-charm-gold-huggie-earrings?utm_source=pinterest&utm_medium=organic&utm_campaign=scene_pins,https://cdn.shopify.com/s/files/1/0677/3201/3371/files/honeybee-charm-gold-huggie-earrings-gold-editorial.jpg,"bee earrings, honeybee earrings, gold huggie earrings, bee charm earrings",2026-10-12 13:00:00,queued
amiees-scene-star-kitty-earrings-black-dish,Bee & Animal Jewelry,Black Cat Earrings | Star Kitty Earrings,"Star Kitty Earrings, black. Enamel cats sprinkled with stars. Part of the bee & animal jewelry collection from Amiees, under $20. Celestial cat earrings, cute cat earrings and black cat earrings for everyday wear or gifting. Free shipping over $35.",https://amiees.com/products/star-kitty-earrings?utm_source=pinterest&utm_medium=organic&utm_campaign=scene_pins,https://cdn.shopify.com/s/files/1/0677/3201/3371/files/star-kitty-earrings-black-dish.jpg,"cat earrings, celestial cat earrings, cute cat earrings, black cat earrings",2026-10-12 18:00:00,queued
amiees-scene-lucky-ladybug-gold-huggie-earrings-red-gold-dish,Bee & Animal Jewelry,Ladybug Earrings | Lucky Ladybug Huggie Earrings,"Lucky Ladybug Huggie Earrings. Red enamel ladybugs on gold tone huggies, a little luck to wear. Part of the bee & animal jewelry collection from Amiees, under $30. Lucky charm earrings, red and gold earrings and insect earrings for everyday wear or gifting. Free shipping over $35.",https://amiees.com/products/lucky-ladybug-gold-huggie-earrings?utm_source=pinterest&utm_medium=organic&utm_campaign=scene_pins,https://cdn.shopify.com/s/files/1/0677/3201/3371/files/lucky-ladybug-gold-huggie-earrings-red-gold-dish.jpg,"ladybug earrings, lucky charm earrings, red and gold earrings, insect earrings",2026-10-12 23:00:00,queued
amiees-scene-radiant-bloom-flower-earrings-gold-clear-editorial,Botanical Jewelry,Flower Earrings | Radiant Bloom Flower Earrings,"Radiant Bloom Flower Earrings. Crystal daisy studs with a gold tone center that catch the light. Part of the botanical jewelry collection from Amiees, under $25. Daisy stud earrings, floral earrings and sparkly flower studs for everyday wear or gifting. Free shipping over $35.",https://amiees.com/products/radiant-bloom-flower-earrings?utm_source=pinterest&utm_medium=organic&utm_campaign=scene_pins,https://cdn.shopify.com/s/files/1/0677/3201/3371/files/radiant-bloom-flower-earrings-gold-clear-editorial.jpg,"flower earrings, daisy stud earrings, floral earrings, sparkly flower studs",2026-10-13 13:00:00,queued
amiees-scene-gold-dangling-cat-necklace-black-white-text,Bee & Animal Jewelry,Gold Cat Necklace Under $20,"Gold Dangling Cat Necklace, tuxedo cat. An enamel cat hanging from a gold tone chain. Part of the bee & animal jewelry collection from Amiees, under $20. Gold cat necklace, cute cat necklace and gifts for cat lovers for everyday wear or gifting. Free shipping over $35.",https://amiees.com/products/gold-dangling-cat-necklace?utm_source=pinterest&utm_medium=organic&utm_campaign=scene_pins,https://cdn.shopify.com/s/files/1/0677/3201/3371/files/gold-dangling-cat-necklace-black-white-text.jpg,"cat necklace, gold cat necklace, cute cat necklace, gifts for cat lovers",2026-10-13 18:00:00,queued
amiees-scene-rainbow-crystal-stacking-ring-set-gold-tone-multicolor-editorial,Celestial Jewelry,Stacking Rings | Rainbow Crystal Stacking Ring Set,"Rainbow Crystal Stacking Ring Set. Two slim gold tone bands set with rainbow crystals, made to stack. Part of the celestial jewelry collection from Amiees, under $30. Rainbow ring set, gold stacking ring set and dainty stacking rings for everyday wear or gifting. Free shipping over $35.",https://amiees.com/products/rainbow-crystal-stacking-ring-set?utm_source=pinterest&utm_medium=organic&utm_campaign=scene_pins,https://cdn.shopify.com/s/files/1/0677/3201/3371/files/rainbow-crystal-stacking-ring-set-gold-tone-multicolor-editorial.jpg,"stacking rings, rainbow ring set, gold stacking ring set, dainty stacking rings",2026-10-13 23:00:00,queued
amiees-scene-ring-of-daisies-silver-tone-white-editorial,Botanical Jewelry,Daisy Ring | Ring of Daisies,"Ring of Daisies. A band of little white daisies, like a daisy chain you can keep. Part of the botanical jewelry collection from Amiees, under $25. Daisy chain ring, flower band ring and cottagecore ring for everyday wear or gifting. Free shipping over $35.",https://amiees.com/products/ring-of-daisies?utm_source=pinterest&utm_medium=organic&utm_campaign=scene_pins,https://cdn.shopify.com/s/files/1/0677/3201/3371/files/ring-of-daisies-silver-tone-white-editorial.jpg,"daisy ring, daisy chain ring, flower band ring, cottagecore ring",2026-10-14 13:00:00,queued
amiees-scene-dangling-cat-earrings-calico-dish,Bee & Animal Jewelry,Gold Cat Earrings | Calico Dangling Cat Earrings,"Dangling Cat Earrings, calico cat. Enamel cats that hang on by their paws. Part of the bee & animal jewelry collection from Amiees, under $20. Cute cat earrings, gold cat earrings and cat lover gifts for everyday wear or gifting. Free shipping over $35.",https://amiees.com/products/dangling-cat-earrings?utm_source=pinterest&utm_medium=organic&utm_campaign=scene_pins,https://cdn.shopify.com/s/files/1/0677/3201/3371/files/dangling-cat-earrings-calico-dish.jpg,"cat earrings, cute cat earrings, gold cat earrings, cat lover gifts",2026-10-14 18:00:00,queued
amiees-scene-silver-flower-ear-jacket-earrings-silver-editorial,Botanical Jewelry,Silver Ear Jacket Earrings | Silver Flower Ear Jacket Earrings,"Silver Flower Ear Jacket Earrings, silver tone. A tiny flower in front and a ball behind the lobe, worn two ways. Part of the botanical jewelry collection from Amiees, under $20. Flower ear jacket, silver flower earrings and dainty flower earrings for everyday wear or gifting. Free shipping over $35.",https://amiees.com/products/silver-flower-ear-jacket-earrings?utm_source=pinterest&utm_medium=organic&utm_campaign=scene_pins,https://cdn.shopify.com/s/files/1/0677/3201/3371/files/silver-flower-ear-jacket-earrings-silver-editorial.jpg,"ear jacket earrings, flower ear jacket, silver flower earrings, dainty flower earrings",2026-10-14 23:00:00,queued
amiees-scene-silver-leaf-ring-silver-ceramic,Botanical Jewelry,Silver Leaf Ring Under $20,"Silver Leaf Ring, silver tone. Sparkling leaves that wrap the finger like a vine. Part of the botanical jewelry collection from Amiees, under $20. Silver leaf ring, vine ring and nature ring for everyday wear or gifting. Free shipping over $35.",https://amiees.com/products/silver-leaf-ring?utm_source=pinterest&utm_medium=organic&utm_campaign=scene_pins,https://cdn.shopify.com/s/files/1/0677/3201/3371/files/silver-leaf-ring-silver-ceramic.jpg,"leaf ring, silver leaf ring, vine ring, nature ring",2026-10-15 13:00:00,queued
amiees-scene-cat-lover-set-silver-dish,Bee & Animal Jewelry,Cat Lover Gifts | Cat Lover Set,"Cat Lover Set, silver tone. Cat and fish earrings with a sleek kitty ring, ready to give. Part of the bee & animal jewelry collection from Amiees, under $40. Gifts for cat lovers, cat jewelry set and cat mom gifts for everyday wear or gifting. Free shipping over $35.",https://amiees.com/products/cat-lover-set?utm_source=pinterest&utm_medium=organic&utm_campaign=scene_pins,https://cdn.shopify.com/s/files/1/0677/3201/3371/files/cat-lover-set-silver-dish.jpg,"cat lover gifts, gifts for cat lovers, cat jewelry set, cat mom gifts",2026-10-15 18:00:00,queued
amiees-scene-sterling-silver-bee-daisy-earrings-silver-editorial,Bee & Animal Jewelry,Silver Bee Earrings | Sterling Silver Bee & Daisy Earrings,"Sterling Silver Bee & Daisy Earrings, silver tone. A bee on one ear and a daisy on the other, in sterling silver. Part of the bee & animal jewelry collection from Amiees, under $25. Bee and daisy earrings, mismatched stud earrings and garden earrings for everyday wear or gifting. Free shipping over $35.",https://amiees.com/products/sterling-silver-bee-daisy-earrings?utm_source=pinterest&utm_medium=organic&utm_campaign=scene_pins,https://cdn.shopify.com/s/files/1/0677/3201/3371/files/sterling-silver-bee-daisy-earrings-silver-editorial.jpg,"bee earrings, bee and daisy earrings, mismatched stud earrings, garden earrings",2026-10-15 23:00:00,queued
amiees-scene-sterling-silver-honeybee-adjustable-ring-silver-editorial,Bee & Animal Jewelry,Silver Bee Ring | Sterling Silver Honeybee Ring,"Sterling Silver Honeybee Ring, silver tone. A tiny honeybee on an adjustable sterling silver band. Part of the bee & animal jewelry collection from Amiees, under $20. Honeybee ring, silver bee ring and adjustable bee ring for everyday wear or gifting. Free shipping over $35.",https://amiees.com/products/sterling-silver-honeybee-adjustable-ring?utm_source=pinterest&utm_medium=organic&utm_campaign=scene_pins,https://cdn.shopify.com/s/files/1/0677/3201/3371/files/sterling-silver-honeybee-adjustable-ring-silver-editorial.jpg,"bee ring, honeybee ring, silver bee ring, adjustable bee ring",2026-10-16 13:00:00,queued
amiees-scene-dangling-cat-silver-necklace-calico-dish,Bee & Animal Jewelry,Cute Cat Necklace | Calico Dangling Cat Silver Necklace,"Dangling Cat Silver Necklace, calico cat. An enamel cat hanging from a silver tone chain. Part of the bee & animal jewelry collection from Amiees, under $20. Silver cat necklace, cute cat necklace and cat mom gifts for everyday wear or gifting. Free shipping over $35.",https://amiees.com/products/dangling-cat-silver-necklace?utm_source=pinterest&utm_medium=organic&utm_campaign=scene_pins,https://cdn.shopify.com/s/files/1/0677/3201/3371/files/dangling-cat-silver-necklace-calico-dish.jpg,"cat necklace, silver cat necklace, cute cat necklace, cat mom gifts",2026-10-16 18:00:00,queued
amiees-scene-radiant-bloom-flower-necklace-gold-text,Botanical Jewelry,Gold Flower Pendant Necklace Under $25,"Radiant Bloom Flower Necklace, gold tone. A sparkling daisy pendant on a dainty chain, made for everyday wear. Part of the botanical jewelry collection from Amiees, under $25. Gold flower pendant necklace, flower necklace and dainty daisy necklace for everyday wear or gifting. Free shipping over $35.",https://amiees.com/products/radiant-bloom-flower-necklace?utm_source=pinterest&utm_medium=organic&utm_campaign=scene_pins,https://cdn.shopify.com/s/files/1/0677/3201/3371/files/radiant-bloom-flower-necklace-gold-text.jpg,"daisy necklace, gold flower pendant necklace, flower necklace, dainty daisy necklace",2026-10-16 23:00:00,queued
amiees-scene-sun-moon-layered-necklace-silver-editorial,Celestial Jewelry,Layered Sun and Moon Necklace Under $25,"Sun & Moon Layered Necklace, silver tone. A crescent moon and an open sun on two layered chains, worn as one piece. Part of the celestial jewelry collection from Amiees, under $25. Layered sun and moon necklace, celestial necklace and dainty layered necklace for everyday wear or gifting. Free shipping over $35.",https://amiees.com/products/sun-moon-layered-necklace?utm_source=pinterest&utm_medium=organic&utm_campaign=scene_pins,https://cdn.shopify.com/s/files/1/0677/3201/3371/files/sun-moon-layered-necklace-silver-editorial.jpg,"sun and moon necklace, layered sun and moon necklace, celestial necklace, dainty layered necklace",2026-10-17 13:00:00,queued
amiees-scene-hanging-kitty-necklace-silver-dish,Bee & Animal Jewelry,Silver Cat Necklace | Hanging Kitty Necklace,"Hanging Kitty Necklace, silver tone. A minimalist brushed silver cat hanging from a fine chain. Part of the bee & animal jewelry collection from Amiees, under $25. Minimalist cat necklace, silver cat necklace and cat mom gifts for everyday wear or gifting. Free shipping over $35.",https://amiees.com/products/hanging-kitty-necklace?utm_source=pinterest&utm_medium=organic&utm_campaign=scene_pins,https://cdn.shopify.com/s/files/1/0677/3201/3371/files/hanging-kitty-necklace-silver-dish.jpg,"cat necklace, minimalist cat necklace, silver cat necklace, cat mom gifts",2026-10-17 18:00:00,queued
amiees-scene-celestial-set-gold-text,Celestial Jewelry,Moon and Star Jewelry Under $40,"Celestial Set, gold tone. Star and moon earrings with a sun and moon ring, in gold tone or silver tone. Part of the celestial jewelry collection from Amiees, under $40. Moon and star jewelry, celestial jewelry set and jewelry gift set for everyday wear or gifting. Free shipping over $35.",https://amiees.com/products/celestial-set?utm_source=pinterest&utm_medium=organic&utm_campaign=scene_pins,https://cdn.shopify.com/s/files/1/0677/3201/3371/files/celestial-set-gold-text.jpg,"celestial jewelry, moon and star jewelry, celestial jewelry set, jewelry gift set",2026-10-17 23:00:00,queued
amiees-scene-tropical-monstera-leaf-huggie-earrings-multicolor-editorial,Botanical Jewelry,Gold Leaf Earrings | Rainbow Tropical Monstera Leaf Huggie Earrings,"Tropical Monstera Leaf Huggie Earrings, rainbow. Enamel monstera leaves on gold tone huggies, a small gift for plant lovers. Part of the botanical jewelry collection from Amiees, under $25. Monstera leaf earrings, gold leaf earrings and plant lover gifts for everyday wear or gifting. Free shipping over $35.",https://amiees.com/products/tropical-monstera-leaf-huggie-earrings?utm_source=pinterest&utm_medium=organic&utm_campaign=scene_pins,https://cdn.shopify.com/s/files/1/0677/3201/3371/files/tropical-monstera-leaf-huggie-earrings-multicolor-editorial.jpg,"leaf earrings, monstera leaf earrings, gold leaf earrings, plant lover gifts",2026-10-18 13:00:00,queued
amiees-scene-kitty-stretch-ring-silver-dish,Bee & Animal Jewelry,Silver Cat Ring | Kitty Stretch Ring,"Kitty Stretch Ring, silver tone. A cat mid stretch, wrapped around your finger. Part of the bee & animal jewelry collection from Amiees, under $20. Stretching cat ring, cute cat ring and cat lover gifts for everyday wear or gifting. Free shipping over $35.",https://amiees.com/products/kitty-stretch-ring?utm_source=pinterest&utm_medium=organic&utm_campaign=scene_pins,https://cdn.shopify.com/s/files/1/0677/3201/3371/files/kitty-stretch-ring-silver-dish.jpg,"cat ring, stretching cat ring, cute cat ring, cat lover gifts",2026-10-18 18:00:00,queued
amiees-scene-celestial-star-earrings-silver-editorial,Celestial Jewelry,Moon and Star Earrings Under $25,"Celestial Star Earrings, silver tone. A star on one ear and a crescent moon on the other. Part of the celestial jewelry collection from Amiees, under $25. Moon and star earrings, celestial earrings and mismatched earrings for everyday wear or gifting. Free shipping over $35.",https://amiees.com/products/celestial-star-earrings?utm_source=pinterest&utm_medium=organic&utm_campaign=scene_pins,https://cdn.shopify.com/s/files/1/0677/3201/3371/files/celestial-star-earrings-silver-editorial.jpg,"star earrings, moon and star earrings, celestial earrings, mismatched earrings",2026-10-18 23:00:00,queued
amiees-scene-celestial-sun-and-moon-ring-gold-text,Celestial Jewelry,Celestial Ring Under $20,"Celestial Sun and Moon Ring, gold tone. Suns and moon phases cut through a simple band. Part of the celestial jewelry collection from Amiees, under $20. Celestial ring, moon phase ring and celestial band ring for everyday wear or gifting. Free shipping over $35.",https://amiees.com/products/celestial-sun-and-moon-ring?utm_source=pinterest&utm_medium=organic&utm_campaign=scene_pins,https://cdn.shopify.com/s/files/1/0677/3201/3371/files/celestial-sun-and-moon-ring-gold-text.jpg,"sun and moon ring, celestial ring, moon phase ring, celestial band ring",2026-10-19 13:00:00,queued
amiees-scene-panda-earrings-black-white-dish,Bee & Animal Jewelry,Tuxedo Panda Earrings | Panda Earrings,"Panda Earrings, tuxedo cat. Round enamel pandas on gold tone hooks. Part of the bee & animal jewelry collection from Amiees, under $20. Cute animal earrings, panda gifts and black and white earrings for everyday wear or gifting. Free shipping over $35.",https://amiees.com/products/panda-earrings?utm_source=pinterest&utm_medium=organic&utm_campaign=scene_pins,https://cdn.shopify.com/s/files/1/0677/3201/3371/files/panda-earrings-black-white-dish.jpg,"panda earrings, cute animal earrings, panda gifts, black and white earrings",2026-10-19 18:00:00,queued
amiees-scene-crystal-blossom-jewelry-set-pink-text,Botanical Jewelry,Necklace and Earrings Gift Set Under $40,"Crystal Blossom Jewelry Set, pink. The blossom necklace and matching studs together, ready to give. Part of the botanical jewelry collection from Amiees, under $40. Necklace and earrings gift set, matching jewelry set and flower jewelry set for everyday wear or gifting. Free shipping over $35.",https://amiees.com/products/crystal-blossom-jewelry-set?utm_source=pinterest&utm_medium=organic&utm_campaign=scene_pins,https://cdn.shopify.com/s/files/1/0677/3201/3371/files/crystal-blossom-jewelry-set-pink-text.jpg,"jewelry gift set, necklace and earrings gift set, matching jewelry set, flower jewelry set",2026-10-19 23:00:00,queued
amiees-scene-crystal-blossom-pendant-necklace-purple-editorial,Botanical Jewelry,Cherry Blossom Necklace Under $25,"Crystal Blossom Pendant Necklace, purple. A five petal blossom pendant with a single crystal at its heart. Part of the botanical jewelry collection from Amiees, under $25. Cherry blossom necklace, dainty silver necklace and floral pendant necklace for everyday wear or gifting. Free shipping over $35.",https://amiees.com/products/crystal-blossom-pendant-necklace?utm_source=pinterest&utm_medium=organic&utm_campaign=scene_pins,https://cdn.shopify.com/s/files/1/0677/3201/3371/files/crystal-blossom-pendant-necklace-purple-editorial.jpg,"flower necklace, cherry blossom necklace, dainty silver necklace, floral pendant necklace",2026-10-20 13:00:00,queued
amiees-scene-silver-mouse-ring-silver-dish,Bee & Animal Jewelry,Cute Animal Ring Under $20,"Silver Mouse Ring, silver tone. A tiny mouse with its tail wrapped around the band. Part of the bee & animal jewelry collection from Amiees, under $20. Cute animal ring, silver mouse ring and wrap ring for everyday wear or gifting. Free shipping over $35.",https://amiees.com/products/silver-mouse-ring?utm_source=pinterest&utm_medium=organic&utm_campaign=scene_pins,https://cdn.shopify.com/s/files/1/0677/3201/3371/files/silver-mouse-ring-silver-dish.jpg,"mouse ring, cute animal ring, silver mouse ring, wrap ring",2026-10-20 18:00:00,queued
amiees-scene-crystal-blossom-stud-earrings-pink-text,Botanical Jewelry,Floral Earrings Under $20,"Crystal Blossom Stud Earrings, pink. Blossom studs with a crystal center, small enough to wear every day. Part of the botanical jewelry collection from Amiees, under $20. Floral earrings, cherry blossom earrings and dainty flower studs for everyday wear or gifting. Free shipping over $35.",https://amiees.com/products/crystal-blossom-stud-earrings?utm_source=pinterest&utm_medium=organic&utm_campaign=scene_pins,https://cdn.shopify.com/s/files/1/0677/3201/3371/files/crystal-blossom-stud-earrings-pink-text.jpg,"flower stud earrings, floral earrings, cherry blossom earrings, dainty flower studs",2026-10-20 23:00:00,queued
amiees-scene-raindrop-earrings-blue-text,Celestial Jewelry,Cloud Earrings Under $25,"Raindrop Earrings, blue. Little clouds trailing glittering raindrops. Part of the celestial jewelry collection from Amiees, under $25. Cloud earrings, rain cloud earrings and whimsical earrings for everyday wear or gifting. Free shipping over $35.",https://amiees.com/products/raindrop-earrings?utm_source=pinterest&utm_medium=organic&utm_campaign=scene_pins,https://cdn.shopify.com/s/files/1/0677/3201/3371/files/raindrop-earrings-blue-text.jpg,"raindrop earrings, cloud earrings, rain cloud earrings, whimsical earrings",2026-10-21 13:00:00,queued
amiees-scene-silver-snake-ring-silver-dish,Bee & Animal Jewelry,Silver Snake Ring Under $25,"Silver Snake Ring, silver tone. A sleek silver serpent coiled into an adjustable ring. Part of the bee & animal jewelry collection from Amiees, under $25. Silver snake ring, serpent ring and adjustable snake ring for everyday wear or gifting. Free shipping over $35.",https://amiees.com/products/silver-snake-ring?utm_source=pinterest&utm_medium=organic&utm_campaign=scene_pins,https://cdn.shopify.com/s/files/1/0677/3201/3371/files/silver-snake-ring-silver-dish.jpg,"snake ring, silver snake ring, serpent ring, adjustable snake ring",2026-10-21 18:00:00,queued
amiees-scene-soleil-sun-pendant-necklace-gold-tone-multicolor-image-only,Celestial Jewelry,Sun Pendant Necklace Under $20,"Soleil Sun Pendant Necklace. A little sun pendant on a gold tone chain with colorful beads. Part of the celestial jewelry collection from Amiees, under $20. Sun pendant necklace, celestial necklace and beaded sun necklace for everyday wear or gifting. Free shipping over $35.",https://amiees.com/products/soleil-sun-pendant-necklace?utm_source=pinterest&utm_medium=organic&utm_campaign=scene_pins,https://cdn.shopify.com/s/files/1/0677/3201/3371/files/soleil-sun-pendant-necklace-gold-tone-multicolor-image-only.jpg,"sun necklace, sun pendant necklace, celestial necklace, beaded sun necklace",2026-10-21 23:00:00,queued
amiees-scene-tropical-monstera-leaf-huggie-earrings-purple-green-editorial,Botanical Jewelry,Tropical Monstera Leaf Huggie Earrings | Monstera Leaf Earrings,"Tropical Monstera Leaf Huggie Earrings, purple. Enamel monstera leaves on gold tone huggies, a small gift for plant lovers. Part of the botanical jewelry collection from Amiees, under $25. Monstera leaf earrings, gold leaf earrings and plant lover gifts for everyday wear or gifting. Free shipping over $35.",https://amiees.com/products/tropical-monstera-leaf-huggie-earrings?utm_source=pinterest&utm_medium=organic&utm_campaign=scene_pins,https://cdn.shopify.com/s/files/1/0677/3201/3371/files/tropical-monstera-leaf-huggie-earrings-purple-green-editorial.jpg,"leaf earrings, monstera leaf earrings, gold leaf earrings, plant lover gifts",2026-10-22 13:00:00,queued
amiees-scene-sleek-kitty-ring-silver-dish,Bee & Animal Jewelry,Silver Cat Ring | Sleek Kitty Ring,"Sleek Kitty Ring, silver tone. A simple band with two little cat ears. Part of the bee & animal jewelry collection from Amiees, under $25. Cat ear ring, minimalist cat ring and silver cat ring for everyday wear or gifting. Free shipping over $35.",https://amiees.com/products/sleek-kitty-ring?utm_source=pinterest&utm_medium=organic&utm_campaign=scene_pins,https://cdn.shopify.com/s/files/1/0677/3201/3371/files/sleek-kitty-ring-silver-dish.jpg,"cat ring, cat ear ring, minimalist cat ring, silver cat ring",2026-10-22 18:00:00,queued
amiees-scene-celestial-set-silver-editorial,Celestial Jewelry,Celestial Jewelry Set | Silver Celestial Set,"Celestial Set, silver tone. Star and moon earrings with a sun and moon ring, in gold tone or silver tone. Part of the celestial jewelry collection from Amiees, under $40. Moon and star jewelry, celestial jewelry set and jewelry gift set for everyday wear or gifting. Free shipping over $35.",https://amiees.com/products/celestial-set?utm_source=pinterest&utm_medium=organic&utm_campaign=scene_pins,https://cdn.shopify.com/s/files/1/0677/3201/3371/files/celestial-set-silver-editorial.jpg,"celestial jewelry, moon and star jewelry, celestial jewelry set, jewelry gift set",2026-10-22 23:00:00,queued
amiees-scene-celestial-gold-huggie-earrings-moon-star-duo-gold-marble-side-by-side,Celestial Jewelry,Celestial Huggie Earrings Under $30,"Moon & Star Huggie Earrings, gold tone. A crescent moon and a star, each hanging from a gold tone huggie. Part of the celestial jewelry collection from Amiees, under $30. Celestial huggie earrings, gold huggie earrings and night sky jewelry for everyday wear or gifting. Free shipping over $35.",https://amiees.com/products/celestial-gold-huggie-earrings-moon-star-duo?utm_source=pinterest&utm_medium=organic&utm_campaign=scene_pins,https://cdn.shopify.com/s/files/1/0677/3201/3371/files/celestial-gold-huggie-earrings-moon-star-duo-gold-marble-side-by-side.jpg,"moon and star earrings, celestial huggie earrings, gold huggie earrings, night sky jewelry",2026-10-23 13:00:00,queued
amiees-scene-sterling-silver-elephant-ring-silver-dish,Bee & Animal Jewelry,Silver Elephant Ring | Sterling Silver Elephant Ring,"Sterling Silver Elephant Ring, silver tone. A parade of elephants walking around a sterling silver band. Part of the bee & animal jewelry collection from Amiees, under $25. Silver elephant ring, elephant jewelry and animal band ring for everyday wear or gifting. Free shipping over $35.",https://amiees.com/products/sterling-silver-elephant-ring?utm_source=pinterest&utm_medium=organic&utm_campaign=scene_pins,https://cdn.shopify.com/s/files/1/0677/3201/3371/files/sterling-silver-elephant-ring-silver-dish.jpg,"elephant ring, silver elephant ring, elephant jewelry, animal band ring",2026-10-23 18:00:00,queued
amiees-scene-radiant-bloom-flower-necklace-silver-editorial,Botanical Jewelry,Flower Necklace | Silver Radiant Bloom Flower Necklace,"Radiant Bloom Flower Necklace, silver tone. A sparkling daisy pendant on a dainty chain, made for everyday wear. Part of the botanical jewelry collection from Amiees, under $25. Gold flower pendant necklace, flower necklace and dainty daisy necklace for everyday wear or gifting. Free shipping over $35.",https://amiees.com/products/radiant-bloom-flower-necklace?utm_source=pinterest&utm_medium=organic&utm_campaign=scene_pins,https://cdn.shopify.com/s/files/1/0677/3201/3371/files/radiant-bloom-flower-necklace-silver-editorial.jpg,"daisy necklace, gold flower pendant necklace, flower necklace, dainty daisy necklace",2026-10-23 23:00:00,queued
amiees-scene-sun-moon-layered-necklace-gold-image-only,Celestial Jewelry,Celestial Necklace | Gold Sun & Moon Layered Necklace,"Sun & Moon Layered Necklace, gold tone. A crescent moon and an open sun on two layered chains, worn as one piece. Part of the celestial jewelry collection from Amiees, under $25. Layered sun and moon necklace, celestial necklace and dainty layered necklace for everyday wear or gifting. Free shipping over $35.",https://amiees.com/products/sun-moon-layered-necklace?utm_source=pinterest&utm_medium=organic&utm_campaign=scene_pins,https://cdn.shopify.com/s/files/1/0677/3201/3371/files/sun-moon-layered-necklace-gold-image-only.jpg,"sun and moon necklace, layered sun and moon necklace, celestial necklace, dainty layered necklace",2026-10-24 13:00:00,queued
amiees-scene-sterling-silver-figaro-chain-necklace-silver-editorial,Botanical Jewelry,Silver Figaro Chain Necklace | Sterling Silver Figaro Chain Necklace,"Sterling Silver Figaro Chain Necklace, silver tone. A classic figaro chain in sterling silver, for layering or wearing alone. Part of the botanical jewelry collection from Amiees, under $25. Silver chain necklace, everyday necklace and layering chain for everyday wear or gifting. Free shipping over $35.",https://amiees.com/products/sterling-silver-figaro-chain-necklace?utm_source=pinterest&utm_medium=organic&utm_campaign=scene_pins,https://cdn.shopify.com/s/files/1/0677/3201/3371/files/sterling-silver-figaro-chain-necklace-silver-editorial.jpg,"figaro chain necklace, silver chain necklace, everyday necklace, layering chain",2026-10-24 18:00:00,queued
amiees-scene-celestial-star-earrings-gold-text,Celestial Jewelry,Celestial Earrings | Gold Celestial Star Earrings,"Celestial Star Earrings, gold tone. A star on one ear and a crescent moon on the other. Part of the celestial jewelry collection from Amiees, under $25. Moon and star earrings, celestial earrings and mismatched earrings for everyday wear or gifting. Free shipping over $35.",https://amiees.com/products/celestial-star-earrings?utm_source=pinterest&utm_medium=organic&utm_campaign=scene_pins,https://cdn.shopify.com/s/files/1/0677/3201/3371/files/celestial-star-earrings-gold-text.jpg,"star earrings, moon and star earrings, celestial earrings, mismatched earrings",2026-10-24 23:00:00,queued
amiees-scene-celestial-sun-and-moon-ring-silver-editorial,Celestial Jewelry,Moon Phase Ring | Silver Celestial Sun and Moon Ring,"Celestial Sun and Moon Ring, silver tone. Suns and moon phases cut through a simple band. Part of the celestial jewelry collection from Amiees, under $20. Celestial ring, moon phase ring and celestial band ring for everyday wear or gifting. Free shipping over $35.",https://amiees.com/products/celestial-sun-and-moon-ring?utm_source=pinterest&utm_medium=organic&utm_campaign=scene_pins,https://cdn.shopify.com/s/files/1/0677/3201/3371/files/celestial-sun-and-moon-ring-silver-editorial.jpg,"sun and moon ring, celestial ring, moon phase ring, celestial band ring",2026-10-25 13:00:00,queued
amiees-scene-wonder-kitty-ring-silver-dish,Bee & Animal Jewelry,Silver Cat Ring | Wonder Kitty Ring,"Wonder Kitty Ring, silver tone. A curious cat and a curled tail on an open band. Part of the bee & animal jewelry collection from Amiees, under $25. Cute cat ring, cat ring for women and unique cat ring for everyday wear or gifting. Free shipping over $35.",https://amiees.com/products/wonder-kitty-ring?utm_source=pinterest&utm_medium=organic&utm_campaign=scene_pins,https://cdn.shopify.com/s/files/1/0677/3201/3371/files/wonder-kitty-ring-silver-dish.jpg,"cat ring, cute cat ring, cat ring for women, unique cat ring",2026-10-25 18:00:00,queued
amiees-scene-crystal-blossom-jewelry-set-purple-editorial,Botanical Jewelry,Matching Jewelry Set | Purple Crystal Blossom Jewelry Set,"Crystal Blossom Jewelry Set, purple. The blossom necklace and matching studs together, ready to give. Part of the botanical jewelry collection from Amiees, under $40. Necklace and earrings gift set, matching jewelry set and flower jewelry set for everyday wear or gifting. Free shipping over $35.",https://amiees.com/products/crystal-blossom-jewelry-set?utm_source=pinterest&utm_medium=organic&utm_campaign=scene_pins,https://cdn.shopify.com/s/files/1/0677/3201/3371/files/crystal-blossom-jewelry-set-purple-editorial.jpg,"jewelry gift set, necklace and earrings gift set, matching jewelry set, flower jewelry set",2026-10-25 23:00:00,queued
amiees-scene-crystal-blossom-pendant-necklace-pink-text,Botanical Jewelry,Dainty Silver Necklace | Pink Crystal Blossom Pendant Necklace,"Crystal Blossom Pendant Necklace, pink. A five petal blossom pendant with a single crystal at its heart. Part of the botanical jewelry collection from Amiees, under $25. Cherry blossom necklace, dainty silver necklace and floral pendant necklace for everyday wear or gifting. Free shipping over $35.",https://amiees.com/products/crystal-blossom-pendant-necklace?utm_source=pinterest&utm_medium=organic&utm_campaign=scene_pins,https://cdn.shopify.com/s/files/1/0677/3201/3371/files/crystal-blossom-pendant-necklace-pink-text.jpg,"flower necklace, cherry blossom necklace, dainty silver necklace, floral pendant necklace",2026-10-26 13:00:00,queued
amiees-scene-dangling-cat-earrings-gray-dish,Bee & Animal Jewelry,Dangling Cat Earrings | Cute Cat Earrings,"Dangling Cat Earrings, gray and white cat. Enamel cats that hang on by their paws. Part of the bee & animal jewelry collection from Amiees, under $20. Cute cat earrings, gold cat earrings and cat lover gifts for everyday wear or gifting. Free shipping over $35.",https://amiees.com/products/dangling-cat-earrings?utm_source=pinterest&utm_medium=organic&utm_campaign=scene_pins,https://cdn.shopify.com/s/files/1/0677/3201/3371/files/dangling-cat-earrings-gray-dish.jpg,"cat earrings, cute cat earrings, gold cat earrings, cat lover gifts",2026-10-26 18:00:00,queued
amiees-scene-crystal-blossom-stud-earrings-purple-editorial,Botanical Jewelry,Cherry Blossom Earrings | Purple Crystal Blossom Stud Earrings,"Crystal Blossom Stud Earrings, purple. Blossom studs with a crystal center, small enough to wear every day. Part of the botanical jewelry collection from Amiees, under $20. Floral earrings, cherry blossom earrings and dainty flower studs for everyday wear or gifting. Free shipping over $35.",https://amiees.com/products/crystal-blossom-stud-earrings?utm_source=pinterest&utm_medium=organic&utm_campaign=scene_pins,https://cdn.shopify.com/s/files/1/0677/3201/3371/files/crystal-blossom-stud-earrings-purple-editorial.jpg,"flower stud earrings, floral earrings, cherry blossom earrings, dainty flower studs",2026-10-26 23:00:00,queued
amiees-scene-tropical-monstera-leaf-huggie-earrings-black-white-image-only,Botanical Jewelry,Black and White Leaf Earrings Under $25,"Tropical Monstera Leaf Huggie Earrings, monochrome. Enamel monstera leaves on gold tone huggies, a small gift for plant lovers. Part of the botanical jewelry collection from Amiees, under $25. Monstera leaf earrings, gold leaf earrings and plant lover gifts for everyday wear or gifting. Free shipping over $35.",https://amiees.com/products/tropical-monstera-leaf-huggie-earrings?utm_source=pinterest&utm_medium=organic&utm_campaign=scene_pins,https://cdn.shopify.com/s/files/1/0677/3201/3371/files/tropical-monstera-leaf-huggie-earrings-black-white-image-only.jpg,"leaf earrings, monstera leaf earrings, gold leaf earrings, plant lover gifts",2026-10-27 13:00:00,queued
amiees-scene-fox-bunny-kitty-earrings-bunny-text,Bee & Animal Jewelry,Cute Animal Earrings Under $20,"Fox, Bunny & Kitty Earrings, chill bunny. Enamel fox, bunny and kitty earrings, each sold as its own pair. Part of the bee & animal jewelry collection from Amiees, under $20. Cute animal earrings, animal earrings and whimsical earrings for everyday wear or gifting. Free shipping over $35.",https://amiees.com/products/fox-bunny-kitty-earrings?utm_source=pinterest&utm_medium=organic&utm_campaign=scene_pins,https://cdn.shopify.com/s/files/1/0677/3201/3371/files/fox-bunny-kitty-earrings-bunny-text.jpg,"bunny earrings, cute animal earrings, animal earrings, whimsical earrings",2026-10-27 18:00:00,queued
amiees-scene-bee-honeycomb-mismatched-earrings-linen,Bee & Animal Jewelry,Honeycomb Earrings Under $20,"Bee and Honeycomb Earrings. A bee on one ear and its honeycomb on the other. Part of the bee & animal jewelry collection from Amiees, under $20. Honeycomb earrings, mismatched earrings and honey bee earrings for everyday wear or gifting. Free shipping over $35.",https://amiees.com/products/bee-honeycomb-mismatched-earrings?utm_source=pinterest&utm_medium=organic&utm_campaign=scene_pins,https://cdn.shopify.com/s/files/1/0677/3201/3371/files/bee-honeycomb-mismatched-earrings-linen.jpg,"bee earrings, honeycomb earrings, mismatched earrings, honey bee earrings",2026-10-27 23:00:00,queued
amiees-scene-butterfly-choker-necklace-silver-text,Bee & Animal Jewelry,Butterfly Choker Under $20,"Butterfly Choker Necklace, silver tone. Silver butterflies on a looped chain with a star drop. Part of the bee & animal jewelry collection from Amiees, under $20. Butterfly choker, silver butterfly necklace and layered chain choker for everyday wear or gifting. Free shipping over $35.",https://amiees.com/products/butterfly-choker-necklace?utm_source=pinterest&utm_medium=organic&utm_campaign=scene_pins,https://cdn.shopify.com/s/files/1/0677/3201/3371/files/butterfly-choker-necklace-silver-text.jpg,"butterfly necklace, butterfly choker, silver butterfly necklace, layered chain choker",2026-10-28 13:00:00,queued
amiees-scene-gold-dangling-cat-necklace-calico-text,Bee & Animal Jewelry,Cute Cat Necklace | Calico Gold Dangling Cat Necklace,"Gold Dangling Cat Necklace, calico cat. An enamel cat hanging from a gold tone chain. Part of the bee & animal jewelry collection from Amiees, under $20. Gold cat necklace, cute cat necklace and gifts for cat lovers for everyday wear or gifting. Free shipping over $35.",https://amiees.com/products/gold-dangling-cat-necklace?utm_source=pinterest&utm_medium=organic&utm_campaign=scene_pins,https://cdn.shopify.com/s/files/1/0677/3201/3371/files/gold-dangling-cat-necklace-calico-text.jpg,"cat necklace, gold cat necklace, cute cat necklace, gifts for cat lovers",2026-10-28 18:00:00,queued
amiees-scene-celestial-rainbow-dome-huggie-earrings-gold-text,Celestial Jewelry,Chunky Gold Huggies Under $30,"Celestial Rainbow Dome Huggies, gold tone. Rounded gold tone domes set with tiny rainbow stones and stars. Part of the celestial jewelry collection from Amiees, under $30. Chunky gold huggies, celestial earrings and colorful hoop earrings for everyday wear or gifting. Free shipping over $35.",https://amiees.com/products/celestial-rainbow-dome-huggie-earrings?utm_source=pinterest&utm_medium=organic&utm_campaign=scene_pins,https://cdn.shopify.com/s/files/1/0677/3201/3371/files/celestial-rainbow-dome-huggie-earrings-gold-text.jpg,"rainbow huggie earrings, chunky gold huggies, celestial earrings, colorful hoop earrings",2026-10-28 23:00:00,queued
amiees-scene-celestial-set-gold-sand,Celestial Jewelry,Celestial Set | Moon and Star Jewelry,"Celestial Set, gold tone. Star and moon earrings with a sun and moon ring, in gold tone or silver tone. Part of the celestial jewelry collection from Amiees, under $40. Moon and star jewelry, celestial jewelry set and jewelry gift set for everyday wear or gifting. Free shipping over $35.",https://amiees.com/products/celestial-set?utm_source=pinterest&utm_medium=organic&utm_campaign=scene_pins,https://cdn.shopify.com/s/files/1/0677/3201/3371/files/celestial-set-gold-sand.jpg,"celestial jewelry, moon and star jewelry, celestial jewelry set, jewelry gift set",2026-10-29 13:00:00,queued
amiees-scene-dangling-cat-silver-necklace-gray-dish,Bee & Animal Jewelry,Dangling Cat Silver Necklace | Silver Cat Necklace,"Dangling Cat Silver Necklace, gray and white cat. An enamel cat hanging from a silver tone chain. Part of the bee & animal jewelry collection from Amiees, under $20. Silver cat necklace, cute cat necklace and cat mom gifts for everyday wear or gifting. Free shipping over $35.",https://amiees.com/products/dangling-cat-silver-necklace?utm_source=pinterest&utm_medium=organic&utm_campaign=scene_pins,https://cdn.shopify.com/s/files/1/0677/3201/3371/files/dangling-cat-silver-necklace-gray-dish.jpg,"cat necklace, silver cat necklace, cute cat necklace, cat mom gifts",2026-10-29 18:00:00,queued
amiees-scene-daisy-petal-ring-gold-white-text,Botanical Jewelry,White Flower Ring Under $25,"Daisy Petal Ring. White enamel daisy petals wrapped around an open band. Part of the botanical jewelry collection from Amiees, under $25. White flower ring, statement flower ring and cute daisy ring for everyday wear or gifting. Free shipping over $35.",https://amiees.com/products/daisy-petal-ring?utm_source=pinterest&utm_medium=organic&utm_campaign=scene_pins,https://cdn.shopify.com/s/files/1/0677/3201/3371/files/daisy-petal-ring-gold-white-text.jpg,"daisy ring, white flower ring, statement flower ring, cute daisy ring",2026-10-29 23:00:00,queued
amiees-scene-daisy-ring-silver-linen,Botanical Jewelry,Flower Ring Under $25,"Daisy Ring, silver tone. An open daisy ring with a little leaf, adjustable to fit. Part of the botanical jewelry collection from Amiees, under $25. Flower ring, silver daisy ring and adjustable flower ring for everyday wear or gifting. Free shipping over $35.",https://amiees.com/products/daisy-ring?utm_source=pinterest&utm_medium=organic&utm_campaign=scene_pins,https://cdn.shopify.com/s/files/1/0677/3201/3371/files/daisy-ring-silver-linen.jpg,"daisy ring, flower ring, silver daisy ring, adjustable flower ring",2026-10-30 13:00:00,queued
amiees-scene-aiko-cat-heart-earrings-black-cat-text-overlay-55938c089574d273,Bee & Animal Jewelry,Cat Heart Earrings Under $20,"Aiko Cat Heart Earrings, black cat. A little cat sitting inside an open heart. Part of the bee & animal jewelry collection from Amiees, under $20. Cat heart earrings, black cat earrings and cat lover gifts for everyday wear or gifting. Free shipping over $35.",https://amiees.com/products/aiko-cat-heart-earrings?utm_source=pinterest&utm_medium=organic&utm_campaign=scene_pins,https://cdn.shopify.com/s/files/1/0677/3201/3371/files/aiko-cat-heart-earrings-black-cat-text-overlay-55938c089574d273.jpg,"cat earrings, cat heart earrings, black cat earrings, cat lover gifts",2026-10-30 18:00:00,queued
amiees-scene-dolphin-dreams-ring-silver-editorial,Bee & Animal Jewelry,Ocean Ring Under $25,"Dolphin Dreams Ring, silver tone. Two dolphins circling an open band. Part of the bee & animal jewelry collection from Amiees, under $25. Ocean ring, silver dolphin ring and wrap ring for everyday wear or gifting. Free shipping over $35.",https://amiees.com/products/dolphin-dreams-ring?utm_source=pinterest&utm_medium=organic&utm_campaign=scene_pins,https://cdn.shopify.com/s/files/1/0677/3201/3371/files/dolphin-dreams-ring-silver-editorial.jpg,"dolphin ring, ocean ring, silver dolphin ring, wrap ring",2026-10-30 23:00:00,queued
amiees-scene-fancy-bee-earrings-yellow-black-text,Bee & Animal Jewelry,Cute Bee Earrings Under $20,"Fancy Bee Earrings. Yellow enamel bumble bees with a pearl, on gold tone hooks. Part of the bee & animal jewelry collection from Amiees, under $20. Cute bee earrings, bumble bee earrings and pearl bee earrings for everyday wear or gifting. Free shipping over $35.",https://amiees.com/products/fancy-bee-earrings?utm_source=pinterest&utm_medium=organic&utm_campaign=scene_pins,https://cdn.shopify.com/s/files/1/0677/3201/3371/files/fancy-bee-earrings-yellow-black-text.jpg,"bee earrings, cute bee earrings, bumble bee earrings, pearl bee earrings",2026-10-31 13:00:00,queued
amiees-scene-angel-hair-bracelet-gold-tone-everyday-style-2f3f63064b191960,Botanical Jewelry,Minimalist Chain Bracelet Under $20,"Angel Hair Bracelet, gold tone. A barely there chain bracelet for stacking or wearing alone. Part of the botanical jewelry collection from Amiees, under $20. Minimalist chain bracelet, everyday bracelet and thin chain bracelet for everyday wear or gifting. Free shipping over $35.",https://amiees.com/products/angel-hair-bracelet?utm_source=pinterest&utm_medium=organic&utm_campaign=scene_pins,https://cdn.shopify.com/s/files/1/0677/3201/3371/files/angel-hair-bracelet-gold-tone-everyday-style-2f3f63064b191960.jpg,"dainty bracelet, minimalist chain bracelet, everyday bracelet, thin chain bracelet",2026-10-31 18:00:00,queued
amiees-scene-golden-bee-huggie-earrings-gold-tone-green-text,Bee & Animal Jewelry,Gold Bee Earrings Under $30,"Golden Bee Huggie Earrings. Enamel winged bees with a pearl charm on gold tone huggies. Part of the bee & animal jewelry collection from Amiees, under $30. Gold bee earrings, bee huggie earrings and honey bee earrings for everyday wear or gifting. Free shipping over $35.",https://amiees.com/products/golden-bee-huggie-earrings?utm_source=pinterest&utm_medium=organic&utm_campaign=scene_pins,https://cdn.shopify.com/s/files/1/0677/3201/3371/files/golden-bee-huggie-earrings-gold-tone-green-text.jpg,"bee earrings, gold bee earrings, bee huggie earrings, honey bee earrings",2026-10-31 23:00:00,queued
amiees-scene-golden-center-daisy-ring-silver-flower-statement-ring-silver-gold-linen,Botanical Jewelry,Silver Flower Ring Under $25,"Golden Center Daisy Ring. An outlined daisy with a textured golden center, a ring that gets noticed. Part of the botanical jewelry collection from Amiees, under $25. Silver flower ring, daisy ring and open flower ring for everyday wear or gifting. Free shipping over $35.",https://amiees.com/products/golden-center-daisy-ring-silver-flower-statement-ring?utm_source=pinterest&utm_medium=organic&utm_campaign=scene_pins,https://cdn.shopify.com/s/files/1/0677/3201/3371/files/golden-center-daisy-ring-silver-flower-statement-ring-silver-gold-linen.jpg,"flower statement ring, silver flower ring, daisy ring, open flower ring",2026-11-01 13:00:00,queued
amiees-scene-dangling-cat-earrings-calico-text,Bee & Animal Jewelry,Calico Cat Earrings Under $20,"Dangling Cat Earrings, calico cat. Enamel cats that hang on by their paws. Part of the bee & animal jewelry collection from Amiees, under $20. Cute cat earrings, gold cat earrings and cat lover gifts for everyday wear or gifting. Free shipping over $35.",https://amiees.com/products/dangling-cat-earrings?utm_source=pinterest&utm_medium=organic&utm_campaign=scene_pins,https://cdn.shopify.com/s/files/1/0677/3201/3371/files/dangling-cat-earrings-calico-text.jpg,"cat earrings, cute cat earrings, gold cat earrings, cat lover gifts",2026-11-01 18:00:00,queued
amiees-scene-honeybee-charm-gold-huggie-earrings-gold-linen,Bee & Animal Jewelry,Honeybee Earrings Under $30,"Honeybee Charm Huggie Earrings, gold tone. Gold tone bees carrying a champagne crystal, hanging from huggies. Part of the bee & animal jewelry collection from Amiees, under $30. Honeybee earrings, gold huggie earrings and bee charm earrings for everyday wear or gifting. Free shipping over $35.",https://amiees.com/products/honeybee-charm-gold-huggie-earrings?utm_source=pinterest&utm_medium=organic&utm_campaign=scene_pins,https://cdn.shopify.com/s/files/1/0677/3201/3371/files/honeybee-charm-gold-huggie-earrings-gold-linen.jpg,"bee earrings, honeybee earrings, gold huggie earrings, bee charm earrings",2026-11-01 23:00:00,queued
amiees-scene-lucky-ladybug-gold-huggie-earrings-red-gold-text,Bee & Animal Jewelry,Lucky Charm Earrings Under $30,"Lucky Ladybug Huggie Earrings. Red enamel ladybugs on gold tone huggies, a little luck to wear. Part of the bee & animal jewelry collection from Amiees, under $30. Lucky charm earrings, red and gold earrings and insect earrings for everyday wear or gifting. Free shipping over $35.",https://amiees.com/products/lucky-ladybug-gold-huggie-earrings?utm_source=pinterest&utm_medium=organic&utm_campaign=scene_pins,https://cdn.shopify.com/s/files/1/0677/3201/3371/files/lucky-ladybug-gold-huggie-earrings-red-gold-text.jpg,"ladybug earrings, lucky charm earrings, red and gold earrings, insect earrings",2026-11-02 13:00:00,queued
amiees-scene-dangling-cat-silver-necklace-calico-text,Bee & Animal Jewelry,Calico Cat Necklace Under $20,"Dangling Cat Silver Necklace, calico cat. An enamel cat hanging from a silver tone chain. Part of the bee & animal jewelry collection from Amiees, under $20. Silver cat necklace, cute cat necklace and cat mom gifts for everyday wear or gifting. Free shipping over $35.",https://amiees.com/products/dangling-cat-silver-necklace?utm_source=pinterest&utm_medium=organic&utm_campaign=scene_pins,https://cdn.shopify.com/s/files/1/0677/3201/3371/files/dangling-cat-silver-necklace-calico-text.jpg,"cat necklace, silver cat necklace, cute cat necklace, cat mom gifts",2026-11-02 18:00:00,queued
amiees-scene-radiant-bloom-flower-earrings-gold-clear-text,Botanical Jewelry,Daisy Stud Earrings Under $25,"Radiant Bloom Flower Earrings. Crystal daisy studs with a gold tone center that catch the light. Part of the botanical jewelry collection from Amiees, under $25. Daisy stud earrings, floral earrings and sparkly flower studs for everyday wear or gifting. Free shipping over $35.",https://amiees.com/products/radiant-bloom-flower-earrings?utm_source=pinterest&utm_medium=organic&utm_campaign=scene_pins,https://cdn.shopify.com/s/files/1/0677/3201/3371/files/radiant-bloom-flower-earrings-gold-clear-text.jpg,"flower earrings, daisy stud earrings, floral earrings, sparkly flower studs",2026-11-02 23:00:00,queued
amiees-scene-rainbow-crystal-stacking-ring-set-gold-tone-multicolor-ivory,Celestial Jewelry,Rainbow Ring Set Under $30,"Rainbow Crystal Stacking Ring Set. Two slim gold tone bands set with rainbow crystals, made to stack. Part of the celestial jewelry collection from Amiees, under $30. Rainbow ring set, gold stacking ring set and dainty stacking rings for everyday wear or gifting. Free shipping over $35.",https://amiees.com/products/rainbow-crystal-stacking-ring-set?utm_source=pinterest&utm_medium=organic&utm_campaign=scene_pins,https://cdn.shopify.com/s/files/1/0677/3201/3371/files/rainbow-crystal-stacking-ring-set-gold-tone-multicolor-ivory.jpg,"stacking rings, rainbow ring set, gold stacking ring set, dainty stacking rings",2026-11-03 13:00:00,queued
amiees-scene-flower-kitty-earrings-black-text,Bee & Animal Jewelry,Flower Cat Earrings Under $20,"Flower Kitty Earrings, black. Enamel cats covered in daisies and leaves. Part of the bee & animal jewelry collection from Amiees, under $20. Flower cat earrings, cute cat earrings and cottagecore earrings for everyday wear or gifting. Free shipping over $35.",https://amiees.com/products/flower-kitty-earrings?utm_source=pinterest&utm_medium=organic&utm_campaign=scene_pins,https://cdn.shopify.com/s/files/1/0677/3201/3371/files/flower-kitty-earrings-black-text.jpg,"cat earrings, flower cat earrings, cute cat earrings, cottagecore earrings",2026-11-03 18:00:00,queued
amiees-scene-raindrop-earrings-gold-editorial,Celestial Jewelry,Rain Cloud Earrings | Gold Raindrop Earrings,"Raindrop Earrings, gold tone. Little clouds trailing glittering raindrops. Part of the celestial jewelry collection from Amiees, under $25. Cloud earrings, rain cloud earrings and whimsical earrings for everyday wear or gifting. Free shipping over $35.",https://amiees.com/products/raindrop-earrings?utm_source=pinterest&utm_medium=organic&utm_campaign=scene_pins,https://cdn.shopify.com/s/files/1/0677/3201/3371/files/raindrop-earrings-gold-editorial.jpg,"raindrop earrings, cloud earrings, rain cloud earrings, whimsical earrings",2026-11-03 23:00:00,queued
amiees-scene-ring-of-daisies-silver-tone-white-text,Botanical Jewelry,Daisy Chain Ring Under $25,"Ring of Daisies. A band of little white daisies, like a daisy chain you can keep. Part of the botanical jewelry collection from Amiees, under $25. Daisy chain ring, flower band ring and cottagecore ring for everyday wear or gifting. Free shipping over $35.",https://amiees.com/products/ring-of-daisies?utm_source=pinterest&utm_medium=organic&utm_campaign=scene_pins,https://cdn.shopify.com/s/files/1/0677/3201/3371/files/ring-of-daisies-silver-tone-white-text.jpg,"daisy ring, daisy chain ring, flower band ring, cottagecore ring",2026-11-04 13:00:00,queued
amiees-scene-harmony-cat-necklace-black-silver-duo-text,Bee & Animal Jewelry,Matching Cat Necklaces Under $25,"Harmony Cat Necklace, black and silver pair. Two cats that fit together, one necklace for you and one to share. Part of the bee & animal jewelry collection from Amiees, under $25. Matching cat necklaces, friendship necklace and couples necklace for everyday wear or gifting. Free shipping over $35.",https://amiees.com/products/harmony-cat-necklace?utm_source=pinterest&utm_medium=organic&utm_campaign=scene_pins,https://cdn.shopify.com/s/files/1/0677/3201/3371/files/harmony-cat-necklace-black-silver-duo-text.jpg,"cat necklace, matching cat necklaces, friendship necklace, couples necklace",2026-11-04 18:00:00,queued
amiees-scene-silver-flower-ear-jacket-earrings-silver-text,Botanical Jewelry,Flower Ear Jacket Under $20,"Silver Flower Ear Jacket Earrings, silver tone. A tiny flower in front and a ball behind the lobe, worn two ways. Part of the botanical jewelry collection from Amiees, under $20. Flower ear jacket, silver flower earrings and dainty flower earrings for everyday wear or gifting. Free shipping over $35.",https://amiees.com/products/silver-flower-ear-jacket-earrings?utm_source=pinterest&utm_medium=organic&utm_campaign=scene_pins,https://cdn.shopify.com/s/files/1/0677/3201/3371/files/silver-flower-ear-jacket-earrings-silver-text.jpg,"ear jacket earrings, flower ear jacket, silver flower earrings, dainty flower earrings",2026-11-04 23:00:00,queued
amiees-scene-silver-leaf-ring-silver-editorial,Botanical Jewelry,Vine Ring | Silver Leaf Ring,"Silver Leaf Ring, silver tone. Sparkling leaves that wrap the finger like a vine. Part of the botanical jewelry collection from Amiees, under $20. Silver leaf ring, vine ring and nature ring for everyday wear or gifting. Free shipping over $35.",https://amiees.com/products/silver-leaf-ring?utm_source=pinterest&utm_medium=organic&utm_campaign=scene_pins,https://cdn.shopify.com/s/files/1/0677/3201/3371/files/silver-leaf-ring-silver-editorial.jpg,"leaf ring, silver leaf ring, vine ring, nature ring",2026-11-05 13:00:00,queued
amiees-scene-silver-cat-earrings-black-text,Bee & Animal Jewelry,Cat and Fish Earrings Under $20,"Silver Cat Earrings, black. A cat on one ear and its fish on the other. Part of the bee & animal jewelry collection from Amiees, under $20. Cat and fish earrings, silver cat earrings and mismatched earrings for everyday wear or gifting. Free shipping over $35.",https://amiees.com/products/silver-cat-earrings?utm_source=pinterest&utm_medium=organic&utm_campaign=scene_pins,https://cdn.shopify.com/s/files/1/0677/3201/3371/files/silver-cat-earrings-black-text.jpg,"cat earrings, cat and fish earrings, silver cat earrings, mismatched earrings",2026-11-05 18:00:00,queued
amiees-scene-sterling-silver-bee-daisy-earrings-silver-image-only,Bee & Animal Jewelry,Bee and Daisy Earrings Under $25,"Sterling Silver Bee & Daisy Earrings, silver tone. A bee on one ear and a daisy on the other, in sterling silver. Part of the bee & animal jewelry collection from Amiees, under $25. Bee and daisy earrings, mismatched stud earrings and garden earrings for everyday wear or gifting. Free shipping over $35.",https://amiees.com/products/sterling-silver-bee-daisy-earrings?utm_source=pinterest&utm_medium=organic&utm_campaign=scene_pins,https://cdn.shopify.com/s/files/1/0677/3201/3371/files/sterling-silver-bee-daisy-earrings-silver-image-only.jpg,"bee earrings, bee and daisy earrings, mismatched stud earrings, garden earrings",2026-11-05 23:00:00,queued
amiees-scene-sterling-silver-honeybee-adjustable-ring-silver-image-only,Bee & Animal Jewelry,Honeybee Ring Under $20,"Sterling Silver Honeybee Ring, silver tone. A tiny honeybee on an adjustable sterling silver band. Part of the bee & animal jewelry collection from Amiees, under $20. Honeybee ring, silver bee ring and adjustable bee ring for everyday wear or gifting. Free shipping over $35.",https://amiees.com/products/sterling-silver-honeybee-adjustable-ring?utm_source=pinterest&utm_medium=organic&utm_campaign=scene_pins,https://cdn.shopify.com/s/files/1/0677/3201/3371/files/sterling-silver-honeybee-adjustable-ring-silver-image-only.jpg,"bee ring, honeybee ring, silver bee ring, adjustable bee ring",2026-11-06 13:00:00,queued
amiees-scene-star-kitty-earrings-white-editorial,Bee & Animal Jewelry,Celestial Cat Earrings Under $20,"Star Kitty Earrings, white. Enamel cats sprinkled with stars. Part of the bee & animal jewelry collection from Amiees, under $20. Celestial cat earrings, cute cat earrings and black cat earrings for everyday wear or gifting. Free shipping over $35.",https://amiees.com/products/star-kitty-earrings?utm_source=pinterest&utm_medium=organic&utm_campaign=scene_pins,https://cdn.shopify.com/s/files/1/0677/3201/3371/files/star-kitty-earrings-white-editorial.jpg,"cat earrings, celestial cat earrings, cute cat earrings, black cat earrings",2026-11-06 18:00:00,queued
amiees-scene-tropical-monstera-leaf-huggie-earrings-blue-green-image-only,Botanical Jewelry,Plant Lover Gifts | Leaf Earrings,"Tropical Monstera Leaf Huggie Earrings, blue. Enamel monstera leaves on gold tone huggies, a small gift for plant lovers. Part of the botanical jewelry collection from Amiees, under $25. Monstera leaf earrings, gold leaf earrings and plant lover gifts for everyday wear or gifting. Free shipping over $35.",https://amiees.com/products/tropical-monstera-leaf-huggie-earrings?utm_source=pinterest&utm_medium=organic&utm_campaign=scene_pins,https://cdn.shopify.com/s/files/1/0677/3201/3371/files/tropical-monstera-leaf-huggie-earrings-blue-green-image-only.jpg,"leaf earrings, monstera leaf earrings, gold leaf earrings, plant lover gifts",2026-11-06 23:00:00,queued
amiees-scene-celestial-star-earrings-gold-sand,Celestial Jewelry,Celestial Star Earrings | Moon and Star Earrings,"Celestial Star Earrings, gold tone. A star on one ear and a crescent moon on the other. Part of the celestial jewelry collection from Amiees, under $25. Moon and star earrings, celestial earrings and mismatched earrings for everyday wear or gifting. Free shipping over $35.",https://amiees.com/products/celestial-star-earrings?utm_source=pinterest&utm_medium=organic&utm_campaign=scene_pins,https://cdn.shopify.com/s/files/1/0677/3201/3371/files/celestial-star-earrings-gold-sand.jpg,"star earrings, moon and star earrings, celestial earrings, mismatched earrings",2026-11-07 13:00:00,queued
amiees-scene-dangling-cat-earrings-pink-dish,Bee & Animal Jewelry,Pink Cat Earrings | Dangling Cat Earrings,"Dangling Cat Earrings, pink. Enamel cats that hang on by their paws. Part of the bee & animal jewelry collection from Amiees, under $20. Cute cat earrings, gold cat earrings and cat lover gifts for everyday wear or gifting. Free shipping over $35.",https://amiees.com/products/dangling-cat-earrings?utm_source=pinterest&utm_medium=organic&utm_campaign=scene_pins,https://cdn.shopify.com/s/files/1/0677/3201/3371/files/dangling-cat-earrings-pink-dish.jpg,"cat earrings, cute cat earrings, gold cat earrings, cat lover gifts",2026-11-07 18:00:00,queued
amiees-scene-celestial-sun-and-moon-ring-gold-sand,Celestial Jewelry,Celestial Sun and Moon Ring | Celestial Ring,"Celestial Sun and Moon Ring, gold tone. Suns and moon phases cut through a simple band. Part of the celestial jewelry collection from Amiees, under $20. Celestial ring, moon phase ring and celestial band ring for everyday wear or gifting. Free shipping over $35.",https://amiees.com/products/celestial-sun-and-moon-ring?utm_source=pinterest&utm_medium=organic&utm_campaign=scene_pins,https://cdn.shopify.com/s/files/1/0677/3201/3371/files/celestial-sun-and-moon-ring-gold-sand.jpg,"sun and moon ring, celestial ring, moon phase ring, celestial band ring",2026-11-07 23:00:00,queued
amiees-scene-crystal-blossom-jewelry-set-pink-linen,Botanical Jewelry,Crystal Blossom Jewelry Set | Necklace and Earrings Gift Set,"Crystal Blossom Jewelry Set, pink. The blossom necklace and matching studs together, ready to give. Part of the botanical jewelry collection from Amiees, under $40. Necklace and earrings gift set, matching jewelry set and flower jewelry set for everyday wear or gifting. Free shipping over $35.",https://amiees.com/products/crystal-blossom-jewelry-set?utm_source=pinterest&utm_medium=organic&utm_campaign=scene_pins,https://cdn.shopify.com/s/files/1/0677/3201/3371/files/crystal-blossom-jewelry-set-pink-linen.jpg,"jewelry gift set, necklace and earrings gift set, matching jewelry set, flower jewelry set",2026-11-08 13:00:00,queued
amiees-scene-gold-dangling-cat-necklace-calico-dish,Bee & Animal Jewelry,Gold Dangling Cat Necklace | Gold Cat Necklace,"Gold Dangling Cat Necklace, calico cat. An enamel cat hanging from a gold tone chain. Part of the bee & animal jewelry collection from Amiees, under $20. Gold cat necklace, cute cat necklace and gifts for cat lovers for everyday wear or gifting. Free shipping over $35.",https://amiees.com/products/gold-dangling-cat-necklace?utm_source=pinterest&utm_medium=organic&utm_campaign=scene_pins,https://cdn.shopify.com/s/files/1/0677/3201/3371/files/gold-dangling-cat-necklace-calico-dish.jpg,"cat necklace, gold cat necklace, cute cat necklace, gifts for cat lovers",2026-11-08 18:00:00,queued
amiees-scene-crystal-blossom-pendant-necklace-pink-linen,Botanical Jewelry,Crystal Blossom Pendant Necklace | Cherry Blossom Necklace,"Crystal Blossom Pendant Necklace, pink. A five petal blossom pendant with a single crystal at its heart. Part of the botanical jewelry collection from Amiees, under $25. Cherry blossom necklace, dainty silver necklace and floral pendant necklace for everyday wear or gifting. Free shipping over $35.",https://amiees.com/products/crystal-blossom-pendant-necklace?utm_source=pinterest&utm_medium=organic&utm_campaign=scene_pins,https://cdn.shopify.com/s/files/1/0677/3201/3371/files/crystal-blossom-pendant-necklace-pink-linen.jpg,"flower necklace, cherry blossom necklace, dainty silver necklace, floral pendant necklace",2026-11-08 23:00:00,queued
amiees-scene-crystal-blossom-stud-earrings-pink-linen,Botanical Jewelry,Crystal Blossom Stud Earrings | Floral Earrings,"Crystal Blossom Stud Earrings, pink. Blossom studs with a crystal center, small enough to wear every day. Part of the botanical jewelry collection from Amiees, under $20. Floral earrings, cherry blossom earrings and dainty flower studs for everyday wear or gifting. Free shipping over $35.",https://amiees.com/products/crystal-blossom-stud-earrings?utm_source=pinterest&utm_medium=organic&utm_campaign=scene_pins,https://cdn.shopify.com/s/files/1/0677/3201/3371/files/crystal-blossom-stud-earrings-pink-linen.jpg,"flower stud earrings, floral earrings, cherry blossom earrings, dainty flower studs",2026-11-09 13:00:00,queued
amiees-scene-fox-bunny-kitty-earrings-fox-dish,Bee & Animal Jewelry,"Animal Earrings | Fox, Bunny & Kitty Earrings","Fox, Bunny & Kitty Earrings, fox. Enamel fox, bunny and kitty earrings, each sold as its own pair. Part of the bee & animal jewelry collection from Amiees, under $20. Cute animal earrings, animal earrings and whimsical earrings for everyday wear or gifting. Free shipping over $35.",https://amiees.com/products/fox-bunny-kitty-earrings?utm_source=pinterest&utm_medium=organic&utm_campaign=scene_pins,https://cdn.shopify.com/s/files/1/0677/3201/3371/files/fox-bunny-kitty-earrings-fox-dish.jpg,"fox earrings, cute animal earrings, animal earrings, whimsical earrings",2026-11-09 18:00:00,queued
amiees-scene-radiant-bloom-flower-necklace-silver-text,Botanical Jewelry,Radiant Bloom Flower Necklace | Gold Flower Pendant Necklace,"Radiant Bloom Flower Necklace, silver tone. A sparkling daisy pendant on a dainty chain, made for everyday wear. Part of the botanical jewelry collection from Amiees, under $25. Gold flower pendant necklace, flower necklace and dainty daisy necklace for everyday wear or gifting. Free shipping over $35.",https://amiees.com/products/radiant-bloom-flower-necklace?utm_source=pinterest&utm_medium=organic&utm_campaign=scene_pins,https://cdn.shopify.com/s/files/1/0677/3201/3371/files/radiant-bloom-flower-necklace-silver-text.jpg,"daisy necklace, gold flower pendant necklace, flower necklace, dainty daisy necklace",2026-11-09 23:00:00,queued
amiees-scene-sun-moon-layered-necklace-silver-image-only,Celestial Jewelry,Sun & Moon Layered Necklace | Layered Sun and Moon Necklace,"Sun & Moon Layered Necklace, silver tone. A crescent moon and an open sun on two layered chains, worn as one piece. Part of the celestial jewelry collection from Amiees, under $25. Layered sun and moon necklace, celestial necklace and dainty layered necklace for everyday wear or gifting. Free shipping over $35.",https://amiees.com/products/sun-moon-layered-necklace?utm_source=pinterest&utm_medium=organic&utm_campaign=scene_pins,https://cdn.shopify.com/s/files/1/0677/3201/3371/files/sun-moon-layered-necklace-silver-image-only.jpg,"sun and moon necklace, layered sun and moon necklace, celestial necklace, dainty layered necklace",2026-11-10 13:00:00,queued
amiees-scene-dangling-cat-earrings-tan-dish,Bee & Animal Jewelry,Orange Tabby Cat Earrings | Dangling Cat Earrings,"Dangling Cat Earrings, orange tabby. Enamel cats that hang on by their paws. Part of the bee & animal jewelry collection from Amiees, under $20. Cute cat earrings, gold cat earrings and cat lover gifts for everyday wear or gifting. Free shipping over $35.",https://amiees.com/products/dangling-cat-earrings?utm_source=pinterest&utm_medium=organic&utm_campaign=scene_pins,https://cdn.shopify.com/s/files/1/0677/3201/3371/files/dangling-cat-earrings-tan-dish.jpg,"cat earrings, cute cat earrings, gold cat earrings, cat lover gifts",2026-11-10 18:00:00,queued
amiees-scene-celestial-gold-huggie-earrings-moon-star-duo-gold-sand,Celestial Jewelry,Gold Huggie Earrings | Gold Moon & Star Huggie Earrings,"Moon & Star Huggie Earrings, gold tone. A crescent moon and a star, each hanging from a gold tone huggie. Part of the celestial jewelry collection from Amiees, under $30. Celestial huggie earrings, gold huggie earrings and night sky jewelry for everyday wear or gifting. Free shipping over $35.",https://amiees.com/products/celestial-gold-huggie-earrings-moon-star-duo?utm_source=pinterest&utm_medium=organic&utm_campaign=scene_pins,https://cdn.shopify.com/s/files/1/0677/3201/3371/files/celestial-gold-huggie-earrings-moon-star-duo-gold-sand.jpg,"moon and star earrings, celestial huggie earrings, gold huggie earrings, night sky jewelry",2026-11-10 23:00:00,queued
amiees-scene-celestial-set-silver-linen,Celestial Jewelry,Silver Celestial Jewelry Under $40,"Celestial Set, silver tone. Star and moon earrings with a sun and moon ring, in gold tone or silver tone. Part of the celestial jewelry collection from Amiees, under $40. Moon and star jewelry, celestial jewelry set and jewelry gift set for everyday wear or gifting. Free shipping over $35.",https://amiees.com/products/celestial-set?utm_source=pinterest&utm_medium=organic&utm_campaign=scene_pins,https://cdn.shopify.com/s/files/1/0677/3201/3371/files/celestial-set-silver-linen.jpg,"celestial jewelry, moon and star jewelry, celestial jewelry set, jewelry gift set",2026-11-11 13:00:00,queued
amiees-scene-dangling-cat-silver-necklace-tan-dish,Bee & Animal Jewelry,Cat Mom Gifts | Cat Necklace,"Dangling Cat Silver Necklace, orange tabby. An enamel cat hanging from a silver tone chain. Part of the bee & animal jewelry collection from Amiees, under $20. Silver cat necklace, cute cat necklace and cat mom gifts for everyday wear or gifting. Free shipping over $35.",https://amiees.com/products/dangling-cat-silver-necklace?utm_source=pinterest&utm_medium=organic&utm_campaign=scene_pins,https://cdn.shopify.com/s/files/1/0677/3201/3371/files/dangling-cat-silver-necklace-tan-dish.jpg,"cat necklace, silver cat necklace, cute cat necklace, cat mom gifts",2026-11-11 18:00:00,queued
amiees-scene-soleil-sun-pendant-necklace-gold-tone-multicolor-sand,Celestial Jewelry,Celestial Necklace | Soleil Sun Pendant Necklace,"Soleil Sun Pendant Necklace. A little sun pendant on a gold tone chain with colorful beads. Part of the celestial jewelry collection from Amiees, under $20. Sun pendant necklace, celestial necklace and beaded sun necklace for everyday wear or gifting. Free shipping over $35.",https://amiees.com/products/soleil-sun-pendant-necklace?utm_source=pinterest&utm_medium=organic&utm_campaign=scene_pins,https://cdn.shopify.com/s/files/1/0677/3201/3371/files/soleil-sun-pendant-necklace-gold-tone-multicolor-sand.jpg,"sun necklace, sun pendant necklace, celestial necklace, beaded sun necklace",2026-11-11 23:00:00,queued
amiees-scene-tropical-monstera-leaf-huggie-earrings-multicolor-image-only,Botanical Jewelry,Rainbow Leaf Earrings | Tropical Monstera Leaf Huggie Earrings,"Tropical Monstera Leaf Huggie Earrings, rainbow. Enamel monstera leaves on gold tone huggies, a small gift for plant lovers. Part of the botanical jewelry collection from Amiees, under $25. Monstera leaf earrings, gold leaf earrings and plant lover gifts for everyday wear or gifting. Free shipping over $35.",https://amiees.com/products/tropical-monstera-leaf-huggie-earrings?utm_source=pinterest&utm_medium=organic&utm_campaign=scene_pins,https://cdn.shopify.com/s/files/1/0677/3201/3371/files/tropical-monstera-leaf-huggie-earrings-multicolor-image-only.jpg,"leaf earrings, monstera leaf earrings, gold leaf earrings, plant lover gifts",2026-11-12 13:00:00,queued
amiees-scene-gold-dangling-cat-necklace-gray-editorial,Bee & Animal Jewelry,Gray Cat Necklace Under $20,"Gold Dangling Cat Necklace, gray and white cat. An enamel cat hanging from a gold tone chain. Part of the bee & animal jewelry collection from Amiees, under $20. Gold cat necklace, cute cat necklace and gifts for cat lovers for everyday wear or gifting. Free shipping over $35.",https://amiees.com/products/gold-dangling-cat-necklace?utm_source=pinterest&utm_medium=organic&utm_campaign=scene_pins,https://cdn.shopify.com/s/files/1/0677/3201/3371/files/gold-dangling-cat-necklace-gray-editorial.jpg,"cat necklace, gold cat necklace, cute cat necklace, gifts for cat lovers",2026-11-12 18:00:00,queued
amiees-scene-raindrop-earrings-gold-text,Celestial Jewelry,Raindrop Earrings | Cloud Earrings,"Raindrop Earrings, gold tone. Little clouds trailing glittering raindrops. Part of the celestial jewelry collection from Amiees, under $25. Cloud earrings, rain cloud earrings and whimsical earrings for everyday wear or gifting. Free shipping over $35.",https://amiees.com/products/raindrop-earrings?utm_source=pinterest&utm_medium=organic&utm_campaign=scene_pins,https://cdn.shopify.com/s/files/1/0677/3201/3371/files/raindrop-earrings-gold-text.jpg,"raindrop earrings, cloud earrings, rain cloud earrings, whimsical earrings",2026-11-12 23:00:00,queued
amiees-scene-celestial-star-earrings-silver-sand,Celestial Jewelry,Silver Star Earrings Under $25,"Celestial Star Earrings, silver tone. A star on one ear and a crescent moon on the other. Part of the celestial jewelry collection from Amiees, under $25. Moon and star earrings, celestial earrings and mismatched earrings for everyday wear or gifting. Free shipping over $35.",https://amiees.com/products/celestial-star-earrings?utm_source=pinterest&utm_medium=organic&utm_campaign=scene_pins,https://cdn.shopify.com/s/files/1/0677/3201/3371/files/celestial-star-earrings-silver-sand.jpg,"star earrings, moon and star earrings, celestial earrings, mismatched earrings",2026-11-13 13:00:00,queued
amiees-scene-aiko-cat-heart-earrings-white-cat-editorial-close-up-10d3a2bb57c5eef7,Bee & Animal Jewelry,Black Cat Earrings | White Aiko Cat Heart Earrings,"Aiko Cat Heart Earrings, white cat. A little cat sitting inside an open heart. Part of the bee & animal jewelry collection from Amiees, under $20. Cat heart earrings, black cat earrings and cat lover gifts for everyday wear or gifting. Free shipping over $35.",https://amiees.com/products/aiko-cat-heart-earrings?utm_source=pinterest&utm_medium=organic&utm_campaign=scene_pins,https://cdn.shopify.com/s/files/1/0677/3201/3371/files/aiko-cat-heart-earrings-white-cat-editorial-close-up-10d3a2bb57c5eef7.jpg,"cat earrings, cat heart earrings, black cat earrings, cat lover gifts",2026-11-13 18:00:00,queued
amiees-scene-celestial-sun-and-moon-ring-silver-text,Celestial Jewelry,Silver Sun and Moon Ring Under $20,"Celestial Sun and Moon Ring, silver tone. Suns and moon phases cut through a simple band. Part of the celestial jewelry collection from Amiees, under $20. Celestial ring, moon phase ring and celestial band ring for everyday wear or gifting. Free shipping over $35.",https://amiees.com/products/celestial-sun-and-moon-ring?utm_source=pinterest&utm_medium=organic&utm_campaign=scene_pins,https://cdn.shopify.com/s/files/1/0677/3201/3371/files/celestial-sun-and-moon-ring-silver-text.jpg,"sun and moon ring, celestial ring, moon phase ring, celestial band ring",2026-11-13 23:00:00,queued
amiees-scene-crystal-blossom-jewelry-set-purple-text,Botanical Jewelry,Purple Jewelry Gift Set Under $40,"Crystal Blossom Jewelry Set, purple. The blossom necklace and matching studs together, ready to give. Part of the botanical jewelry collection from Amiees, under $40. Necklace and earrings gift set, matching jewelry set and flower jewelry set for everyday wear or gifting. Free shipping over $35.",https://amiees.com/products/crystal-blossom-jewelry-set?utm_source=pinterest&utm_medium=organic&utm_campaign=scene_pins,https://cdn.shopify.com/s/files/1/0677/3201/3371/files/crystal-blossom-jewelry-set-purple-text.jpg,"jewelry gift set, necklace and earrings gift set, matching jewelry set, flower jewelry set",2026-11-14 13:00:00,queued
amiees-scene-angel-hair-bracelet-silver-tone-editorial-close-up-c09de64ec8355671,Botanical Jewelry,Everyday Bracelet | Silver Angel Hair Bracelet,"Angel Hair Bracelet, silver tone. A barely there chain bracelet for stacking or wearing alone. Part of the botanical jewelry collection from Amiees, under $20. Minimalist chain bracelet, everyday bracelet and thin chain bracelet for everyday wear or gifting. Free shipping over $35.",https://amiees.com/products/angel-hair-bracelet?utm_source=pinterest&utm_medium=organic&utm_campaign=scene_pins,https://cdn.shopify.com/s/files/1/0677/3201/3371/files/angel-hair-bracelet-silver-tone-editorial-close-up-c09de64ec8355671.jpg,"dainty bracelet, minimalist chain bracelet, everyday bracelet, thin chain bracelet",2026-11-14 18:00:00,queued
amiees-scene-crystal-blossom-pendant-necklace-purple-linen,Botanical Jewelry,Purple Flower Necklace Under $25,"Crystal Blossom Pendant Necklace, purple. A five petal blossom pendant with a single crystal at its heart. Part of the botanical jewelry collection from Amiees, under $25. Cherry blossom necklace, dainty silver necklace and floral pendant necklace for everyday wear or gifting. Free shipping over $35.",https://amiees.com/products/crystal-blossom-pendant-necklace?utm_source=pinterest&utm_medium=organic&utm_campaign=scene_pins,https://cdn.shopify.com/s/files/1/0677/3201/3371/files/crystal-blossom-pendant-necklace-purple-linen.jpg,"flower necklace, cherry blossom necklace, dainty silver necklace, floral pendant necklace",2026-11-14 23:00:00,queued
amiees-scene-crystal-blossom-stud-earrings-purple-text,Botanical Jewelry,Purple Flower Stud Earrings Under $20,"Crystal Blossom Stud Earrings, purple. Blossom studs with a crystal center, small enough to wear every day. Part of the botanical jewelry collection from Amiees, under $20. Floral earrings, cherry blossom earrings and dainty flower studs for everyday wear or gifting. Free shipping over $35.",https://amiees.com/products/crystal-blossom-stud-earrings?utm_source=pinterest&utm_medium=organic&utm_campaign=scene_pins,https://cdn.shopify.com/s/files/1/0677/3201/3371/files/crystal-blossom-stud-earrings-purple-text.jpg,"flower stud earrings, floral earrings, cherry blossom earrings, dainty flower studs",2026-11-15 13:00:00,queued
amiees-scene-dangling-cat-earrings-gray-text,Bee & Animal Jewelry,Gold Cat Earrings | Gray Dangling Cat Earrings,"Dangling Cat Earrings, gray and white cat. Enamel cats that hang on by their paws. Part of the bee & animal jewelry collection from Amiees, under $20. Cute cat earrings, gold cat earrings and cat lover gifts for everyday wear or gifting. Free shipping over $35.",https://amiees.com/products/dangling-cat-earrings?utm_source=pinterest&utm_medium=organic&utm_campaign=scene_pins,https://cdn.shopify.com/s/files/1/0677/3201/3371/files/dangling-cat-earrings-gray-text.jpg,"cat earrings, cute cat earrings, gold cat earrings, cat lover gifts",2026-11-15 18:00:00,queued
amiees-scene-tropical-monstera-leaf-huggie-earrings-purple-green-image-only,Botanical Jewelry,Gold Leaf Earrings | Purple Tropical Monstera Leaf Huggie Earrings,"Tropical Monstera Leaf Huggie Earrings, purple. Enamel monstera leaves on gold tone huggies, a small gift for plant lovers. Part of the botanical jewelry collection from Amiees, under $25. Monstera leaf earrings, gold leaf earrings and plant lover gifts for everyday wear or gifting. Free shipping over $35.",https://amiees.com/products/tropical-monstera-leaf-huggie-earrings?utm_source=pinterest&utm_medium=organic&utm_campaign=scene_pins,https://cdn.shopify.com/s/files/1/0677/3201/3371/files/tropical-monstera-leaf-huggie-earrings-purple-green-image-only.jpg,"leaf earrings, monstera leaf earrings, gold leaf earrings, plant lover gifts",2026-11-15 23:00:00,queued
amiees-scene-celestial-set-silver-text,Celestial Jewelry,Jewelry Gift Set | Celestial Jewelry,"Celestial Set, silver tone. Star and moon earrings with a sun and moon ring, in gold tone or silver tone. Part of the celestial jewelry collection from Amiees, under $40. Moon and star jewelry, celestial jewelry set and jewelry gift set for everyday wear or gifting. Free shipping over $35.",https://amiees.com/products/celestial-set?utm_source=pinterest&utm_medium=organic&utm_campaign=scene_pins,https://cdn.shopify.com/s/files/1/0677/3201/3371/files/celestial-set-silver-text.jpg,"celestial jewelry, moon and star jewelry, celestial jewelry set, jewelry gift set",2026-11-16 13:00:00,queued
amiees-scene-dangling-cat-silver-necklace-white-gray-dish,Bee & Animal Jewelry,Siamese Cat Necklace | Dangling Cat Silver Necklace,"Dangling Cat Silver Necklace, siamese cat. An enamel cat hanging from a silver tone chain. Part of the bee & animal jewelry collection from Amiees, under $20. Silver cat necklace, cute cat necklace and cat mom gifts for everyday wear or gifting. Free shipping over $35.",https://amiees.com/products/dangling-cat-silver-necklace?utm_source=pinterest&utm_medium=organic&utm_campaign=scene_pins,https://cdn.shopify.com/s/files/1/0677/3201/3371/files/dangling-cat-silver-necklace-white-gray-dish.jpg,"cat necklace, silver cat necklace, cute cat necklace, cat mom gifts",2026-11-16 18:00:00,queued
amiees-scene-radiant-bloom-flower-necklace-gold-linen,Botanical Jewelry,Gold Daisy Necklace Under $25,"Radiant Bloom Flower Necklace, gold tone. A sparkling daisy pendant on a dainty chain, made for everyday wear. Part of the botanical jewelry collection from Amiees, under $25. Gold flower pendant necklace, flower necklace and dainty daisy necklace for everyday wear or gifting. Free shipping over $35.",https://amiees.com/products/radiant-bloom-flower-necklace?utm_source=pinterest&utm_medium=organic&utm_campaign=scene_pins,https://cdn.shopify.com/s/files/1/0677/3201/3371/files/radiant-bloom-flower-necklace-gold-linen.jpg,"daisy necklace, gold flower pendant necklace, flower necklace, dainty daisy necklace",2026-11-16 23:00:00,queued
amiees-scene-sun-moon-layered-necklace-gold-sand,Celestial Jewelry,Gold Sun and Moon Necklace Under $25,"Sun & Moon Layered Necklace, gold tone. A crescent moon and an open sun on two layered chains, worn as one piece. Part of the celestial jewelry collection from Amiees, under $25. Layered sun and moon necklace, celestial necklace and dainty layered necklace for everyday wear or gifting. Free shipping over $35.",https://amiees.com/products/sun-moon-layered-necklace?utm_source=pinterest&utm_medium=organic&utm_campaign=scene_pins,https://cdn.shopify.com/s/files/1/0677/3201/3371/files/sun-moon-layered-necklace-gold-sand.jpg,"sun and moon necklace, layered sun and moon necklace, celestial necklace, dainty layered necklace",2026-11-17 13:00:00,queued
amiees-scene-dangling-cat-earrings-white-gray-dish,Bee & Animal Jewelry,Gold Cat Earrings | Siamese Dangling Cat Earrings,"Dangling Cat Earrings, siamese cat. Enamel cats that hang on by their paws. Part of the bee & animal jewelry collection from Amiees, under $20. Cute cat earrings, gold cat earrings and cat lover gifts for everyday wear or gifting. Free shipping over $35.",https://amiees.com/products/dangling-cat-earrings?utm_source=pinterest&utm_medium=organic&utm_campaign=scene_pins,https://cdn.shopify.com/s/files/1/0677/3201/3371/files/dangling-cat-earrings-white-gray-dish.jpg,"cat earrings, cute cat earrings, gold cat earrings, cat lover gifts",2026-11-17 18:00:00,queued
amiees-scene-bee-honeycomb-mismatched-earrings-text,Bee & Animal Jewelry,Mismatched Earrings | Bee and Honeycomb Earrings,"Bee and Honeycomb Earrings. A bee on one ear and its honeycomb on the other. Part of the bee & animal jewelry collection from Amiees, under $20. Honeycomb earrings, mismatched earrings and honey bee earrings for everyday wear or gifting. Free shipping over $35.",https://amiees.com/products/bee-honeycomb-mismatched-earrings?utm_source=pinterest&utm_medium=organic&utm_campaign=scene_pins,https://cdn.shopify.com/s/files/1/0677/3201/3371/files/bee-honeycomb-mismatched-earrings-text.jpg,"bee earrings, honeycomb earrings, mismatched earrings, honey bee earrings",2026-11-17 23:00:00,queued
amiees-scene-butterfly-choker-necklace-silver-ivory,Bee & Animal Jewelry,Silver Butterfly Necklace | Silver Butterfly Choker Necklace,"Butterfly Choker Necklace, silver tone. Silver butterflies on a looped chain with a star drop. Part of the bee & animal jewelry collection from Amiees, under $20. Butterfly choker, silver butterfly necklace and layered chain choker for everyday wear or gifting. Free shipping over $35.",https://amiees.com/products/butterfly-choker-necklace?utm_source=pinterest&utm_medium=organic&utm_campaign=scene_pins,https://cdn.shopify.com/s/files/1/0677/3201/3371/files/butterfly-choker-necklace-silver-ivory.jpg,"butterfly necklace, butterfly choker, silver butterfly necklace, layered chain choker",2026-11-18 13:00:00,queued
amiees-scene-cat-lover-set-silver-text,Bee & Animal Jewelry,Gifts for Cat Lovers Under $40,"Cat Lover Set, silver tone. Cat and fish earrings with a sleek kitty ring, ready to give. Part of the bee & animal jewelry collection from Amiees, under $40. Gifts for cat lovers, cat jewelry set and cat mom gifts for everyday wear or gifting. Free shipping over $35.",https://amiees.com/products/cat-lover-set?utm_source=pinterest&utm_medium=organic&utm_campaign=scene_pins,https://cdn.shopify.com/s/files/1/0677/3201/3371/files/cat-lover-set-silver-text.jpg,"cat lover gifts, gifts for cat lovers, cat jewelry set, cat mom gifts",2026-11-18 18:00:00,queued
amiees-scene-celestial-rainbow-dome-huggie-earrings-gold-sand,Celestial Jewelry,Celestial Earrings | Gold Celestial Rainbow Dome Huggies,"Celestial Rainbow Dome Huggies, gold tone. Rounded gold tone domes set with tiny rainbow stones and stars. Part of the celestial jewelry collection from Amiees, under $30. Chunky gold huggies, celestial earrings and colorful hoop earrings for everyday wear or gifting. Free shipping over $35.",https://amiees.com/products/celestial-rainbow-dome-huggie-earrings?utm_source=pinterest&utm_medium=organic&utm_campaign=scene_pins,https://cdn.shopify.com/s/files/1/0677/3201/3371/files/celestial-rainbow-dome-huggie-earrings-gold-sand.jpg,"rainbow huggie earrings, chunky gold huggies, celestial earrings, colorful hoop earrings",2026-11-18 23:00:00,queued
amiees-scene-daisy-petal-ring-gold-white-linen,Botanical Jewelry,Statement Flower Ring | Daisy Petal Ring,"Daisy Petal Ring. White enamel daisy petals wrapped around an open band. Part of the botanical jewelry collection from Amiees, under $25. White flower ring, statement flower ring and cute daisy ring for everyday wear or gifting. Free shipping over $35.",https://amiees.com/products/daisy-petal-ring?utm_source=pinterest&utm_medium=organic&utm_campaign=scene_pins,https://cdn.shopify.com/s/files/1/0677/3201/3371/files/daisy-petal-ring-gold-white-linen.jpg,"daisy ring, white flower ring, statement flower ring, cute daisy ring",2026-11-19 13:00:00,queued
amiees-scene-dangling-cat-silver-necklace-gray-text,Bee & Animal Jewelry,Cute Cat Necklace | Gray Dangling Cat Silver Necklace,"Dangling Cat Silver Necklace, gray and white cat. An enamel cat hanging from a silver tone chain. Part of the bee & animal jewelry collection from Amiees, under $20. Silver cat necklace, cute cat necklace and cat mom gifts for everyday wear or gifting. Free shipping over $35.",https://amiees.com/products/dangling-cat-silver-necklace?utm_source=pinterest&utm_medium=organic&utm_campaign=scene_pins,https://cdn.shopify.com/s/files/1/0677/3201/3371/files/dangling-cat-silver-necklace-gray-text.jpg,"cat necklace, silver cat necklace, cute cat necklace, cat mom gifts",2026-11-19 18:00:00,queued
amiees-scene-daisy-ring-silver-text,Botanical Jewelry,Daisy Ring | Flower Ring,"Daisy Ring, silver tone. An open daisy ring with a little leaf, adjustable to fit. Part of the botanical jewelry collection from Amiees, under $25. Flower ring, silver daisy ring and adjustable flower ring for everyday wear or gifting. Free shipping over $35.",https://amiees.com/products/daisy-ring?utm_source=pinterest&utm_medium=organic&utm_campaign=scene_pins,https://cdn.shopify.com/s/files/1/0677/3201/3371/files/daisy-ring-silver-text.jpg,"daisy ring, flower ring, silver daisy ring, adjustable flower ring",2026-11-19 23:00:00,queued
amiees-scene-dolphin-dreams-ring-silver-text,Bee & Animal Jewelry,Silver Dolphin Ring | Silver Dolphin Dreams Ring,"Dolphin Dreams Ring, silver tone. Two dolphins circling an open band. Part of the bee & animal jewelry collection from Amiees, under $25. Ocean ring, silver dolphin ring and wrap ring for everyday wear or gifting. Free shipping over $35.",https://amiees.com/products/dolphin-dreams-ring?utm_source=pinterest&utm_medium=organic&utm_campaign=scene_pins,https://cdn.shopify.com/s/files/1/0677/3201/3371/files/dolphin-dreams-ring-silver-text.jpg,"dolphin ring, ocean ring, silver dolphin ring, wrap ring",2026-11-20 13:00:00,queued
amiees-scene-flower-kitty-earrings-white-editorial,Bee & Animal Jewelry,Cute Cat Earrings | White Flower Kitty Earrings,"Flower Kitty Earrings, white. Enamel cats covered in daisies and leaves. Part of the bee & animal jewelry collection from Amiees, under $20. Flower cat earrings, cute cat earrings and cottagecore earrings for everyday wear or gifting. Free shipping over $35.",https://amiees.com/products/flower-kitty-earrings?utm_source=pinterest&utm_medium=organic&utm_campaign=scene_pins,https://cdn.shopify.com/s/files/1/0677/3201/3371/files/flower-kitty-earrings-white-editorial.jpg,"cat earrings, flower cat earrings, cute cat earrings, cottagecore earrings",2026-11-20 18:00:00,queued
amiees-scene-fancy-bee-earrings-yellow-black-linen,Bee & Animal Jewelry,Bumble Bee Earrings | Fancy Bee Earrings,"Fancy Bee Earrings. Yellow enamel bumble bees with a pearl, on gold tone hooks. Part of the bee & animal jewelry collection from Amiees, under $20. Cute bee earrings, bumble bee earrings and pearl bee earrings for everyday wear or gifting. Free shipping over $35.",https://amiees.com/products/fancy-bee-earrings?utm_source=pinterest&utm_medium=organic&utm_campaign=scene_pins,https://cdn.shopify.com/s/files/1/0677/3201/3371/files/fancy-bee-earrings-yellow-black-linen.jpg,"bee earrings, cute bee earrings, bumble bee earrings, pearl bee earrings",2026-11-20 23:00:00,queued
amiees-scene-golden-bee-huggie-earrings-gold-tone-green-linen,Bee & Animal Jewelry,Bee Huggie Earrings | Golden Bee Huggie Earrings,"Golden Bee Huggie Earrings. Enamel winged bees with a pearl charm on gold tone huggies. Part of the bee & animal jewelry collection from Amiees, under $30. Gold bee earrings, bee huggie earrings and honey bee earrings for everyday wear or gifting. Free shipping over $35.",https://amiees.com/products/golden-bee-huggie-earrings?utm_source=pinterest&utm_medium=organic&utm_campaign=scene_pins,https://cdn.shopify.com/s/files/1/0677/3201/3371/files/golden-bee-huggie-earrings-gold-tone-green-linen.jpg,"bee earrings, gold bee earrings, bee huggie earrings, honey bee earrings",2026-11-21 13:00:00,queued
amiees-scene-fox-bunny-kitty-earrings-kitty-bag-editorial,Bee & Animal Jewelry,"Fox, Bunny & Kitty Earrings | Cute Animal Earrings","Fox, Bunny & Kitty Earrings, lunch bag kitty. Enamel fox, bunny and kitty earrings, each sold as its own pair. Part of the bee & animal jewelry collection from Amiees, under $20. Cute animal earrings, animal earrings and whimsical earrings for everyday wear or gifting. Free shipping over $35.",https://amiees.com/products/fox-bunny-kitty-earrings?utm_source=pinterest&utm_medium=organic&utm_campaign=scene_pins,https://cdn.shopify.com/s/files/1/0677/3201/3371/files/fox-bunny-kitty-earrings-kitty-bag-editorial.jpg,"cat earrings, cute animal earrings, animal earrings, whimsical earrings",2026-11-21 18:00:00,queued
amiees-scene-golden-center-daisy-ring-silver-flower-statement-ring-silver-gold-text,Botanical Jewelry,Daisy Ring | Golden Center Daisy Ring,"Golden Center Daisy Ring. An outlined daisy with a textured golden center, a ring that gets noticed. Part of the botanical jewelry collection from Amiees, under $25. Silver flower ring, daisy ring and open flower ring for everyday wear or gifting. Free shipping over $35.",https://amiees.com/products/golden-center-daisy-ring-silver-flower-statement-ring?utm_source=pinterest&utm_medium=organic&utm_campaign=scene_pins,https://cdn.shopify.com/s/files/1/0677/3201/3371/files/golden-center-daisy-ring-silver-flower-statement-ring-silver-gold-text.jpg,"flower statement ring, silver flower ring, daisy ring, open flower ring",2026-11-21 23:00:00,queued
amiees-scene-honeybee-charm-gold-huggie-earrings-gold-text,Bee & Animal Jewelry,Gold Huggie Earrings | Gold Honeybee Charm Huggie Earrings,"Honeybee Charm Huggie Earrings, gold tone. Gold tone bees carrying a champagne crystal, hanging from huggies. Part of the bee & animal jewelry collection from Amiees, under $30. Honeybee earrings, gold huggie earrings and bee charm earrings for everyday wear or gifting. Free shipping over $35.",https://amiees.com/products/honeybee-charm-gold-huggie-earrings?utm_source=pinterest&utm_medium=organic&utm_campaign=scene_pins,https://cdn.shopify.com/s/files/1/0677/3201/3371/files/honeybee-charm-gold-huggie-earrings-gold-text.jpg,"bee earrings, honeybee earrings, gold huggie earrings, bee charm earrings",2026-11-22 13:00:00,queued
amiees-scene-gold-dangling-cat-necklace-gray-text,Bee & Animal Jewelry,Gifts for Cat Lovers | Cat Necklace,"Gold Dangling Cat Necklace, gray and white cat. An enamel cat hanging from a gold tone chain. Part of the bee & animal jewelry collection from Amiees, under $20. Gold cat necklace, cute cat necklace and gifts for cat lovers for everyday wear or gifting. Free shipping over $35.",https://amiees.com/products/gold-dangling-cat-necklace?utm_source=pinterest&utm_medium=organic&utm_campaign=scene_pins,https://cdn.shopify.com/s/files/1/0677/3201/3371/files/gold-dangling-cat-necklace-gray-text.jpg,"cat necklace, gold cat necklace, cute cat necklace, gifts for cat lovers",2026-11-22 18:00:00,queued
amiees-scene-lucky-ladybug-gold-huggie-earrings-red-gold-editorial,Bee & Animal Jewelry,Red and Gold Earrings | Lucky Ladybug Huggie Earrings,"Lucky Ladybug Huggie Earrings. Red enamel ladybugs on gold tone huggies, a little luck to wear. Part of the bee & animal jewelry collection from Amiees, under $30. Lucky charm earrings, red and gold earrings and insect earrings for everyday wear or gifting. Free shipping over $35.",https://amiees.com/products/lucky-ladybug-gold-huggie-earrings?utm_source=pinterest&utm_medium=organic&utm_campaign=scene_pins,https://cdn.shopify.com/s/files/1/0677/3201/3371/files/lucky-ladybug-gold-huggie-earrings-red-gold-editorial.jpg,"ladybug earrings, lucky charm earrings, red and gold earrings, insect earrings",2026-11-22 23:00:00,queued
amiees-scene-radiant-bloom-flower-earrings-gold-clear-linen,Botanical Jewelry,Floral Earrings | Radiant Bloom Flower Earrings,"Radiant Bloom Flower Earrings. Crystal daisy studs with a gold tone center that catch the light. Part of the botanical jewelry collection from Amiees, under $25. Daisy stud earrings, floral earrings and sparkly flower studs for everyday wear or gifting. Free shipping over $35.",https://amiees.com/products/radiant-bloom-flower-earrings?utm_source=pinterest&utm_medium=organic&utm_campaign=scene_pins,https://cdn.shopify.com/s/files/1/0677/3201/3371/files/radiant-bloom-flower-earrings-gold-clear-linen.jpg,"flower earrings, daisy stud earrings, floral earrings, sparkly flower studs",2026-11-23 13:00:00,queued
amiees-scene-hanging-kitty-necklace-silver-text,Bee & Animal Jewelry,Minimalist Cat Necklace Under $25,"Hanging Kitty Necklace, silver tone. A minimalist brushed silver cat hanging from a fine chain. Part of the bee & animal jewelry collection from Amiees, under $25. Minimalist cat necklace, silver cat necklace and cat mom gifts for everyday wear or gifting. Free shipping over $35.",https://amiees.com/products/hanging-kitty-necklace?utm_source=pinterest&utm_medium=organic&utm_campaign=scene_pins,https://cdn.shopify.com/s/files/1/0677/3201/3371/files/hanging-kitty-necklace-silver-text.jpg,"cat necklace, minimalist cat necklace, silver cat necklace, cat mom gifts",2026-11-23 18:00:00,queued
amiees-scene-rainbow-crystal-stacking-ring-set-gold-tone-multicolor-text,Celestial Jewelry,Gold Stacking Ring Set | Rainbow Crystal Stacking Ring Set,"Rainbow Crystal Stacking Ring Set. Two slim gold tone bands set with rainbow crystals, made to stack. Part of the celestial jewelry collection from Amiees, under $30. Rainbow ring set, gold stacking ring set and dainty stacking rings for everyday wear or gifting. Free shipping over $35.",https://amiees.com/products/rainbow-crystal-stacking-ring-set?utm_source=pinterest&utm_medium=organic&utm_campaign=scene_pins,https://cdn.shopify.com/s/files/1/0677/3201/3371/files/rainbow-crystal-stacking-ring-set-gold-tone-multicolor-text.jpg,"stacking rings, rainbow ring set, gold stacking ring set, dainty stacking rings",2026-11-23 23:00:00,queued
amiees-scene-ring-of-daisies-silver-tone-white-ivory,Botanical Jewelry,Flower Band Ring | Ring of Daisies,"Ring of Daisies. A band of little white daisies, like a daisy chain you can keep. Part of the botanical jewelry collection from Amiees, under $25. Daisy chain ring, flower band ring and cottagecore ring for everyday wear or gifting. Free shipping over $35.",https://amiees.com/products/ring-of-daisies?utm_source=pinterest&utm_medium=organic&utm_campaign=scene_pins,https://cdn.shopify.com/s/files/1/0677/3201/3371/files/ring-of-daisies-silver-tone-white-ivory.jpg,"daisy ring, daisy chain ring, flower band ring, cottagecore ring",2026-11-24 13:00:00,queued
amiees-scene-harmony-cat-necklace-gold-silver-duo-editorial,Bee & Animal Jewelry,Friendship Necklace | Harmony Cat Necklace,"Harmony Cat Necklace, gold and silver pair. Two cats that fit together, one necklace for you and one to share. Part of the bee & animal jewelry collection from Amiees, under $25. Matching cat necklaces, friendship necklace and couples necklace for everyday wear or gifting. Free shipping over $35.",https://amiees.com/products/harmony-cat-necklace?utm_source=pinterest&utm_medium=organic&utm_campaign=scene_pins,https://cdn.shopify.com/s/files/1/0677/3201/3371/files/harmony-cat-necklace-gold-silver-duo-editorial.jpg,"cat necklace, matching cat necklaces, friendship necklace, couples necklace",2026-11-24 18:00:00,queued
amiees-scene-silver-flower-ear-jacket-earrings-silver-linen,Botanical Jewelry,Silver Flower Earrings | Silver Flower Ear Jacket Earrings,"Silver Flower Ear Jacket Earrings, silver tone. A tiny flower in front and a ball behind the lobe, worn two ways. Part of the botanical jewelry collection from Amiees, under $20. Flower ear jacket, silver flower earrings and dainty flower earrings for everyday wear or gifting. Free shipping over $35.",https://amiees.com/products/silver-flower-ear-jacket-earrings?utm_source=pinterest&utm_medium=organic&utm_campaign=scene_pins,https://cdn.shopify.com/s/files/1/0677/3201/3371/files/silver-flower-ear-jacket-earrings-silver-linen.jpg,"ear jacket earrings, flower ear jacket, silver flower earrings, dainty flower earrings",2026-11-24 23:00:00,queued
amiees-scene-silver-leaf-ring-silver-paper,Botanical Jewelry,Nature Ring | Leaf Ring,"Silver Leaf Ring, silver tone. Sparkling leaves that wrap the finger like a vine. Part of the botanical jewelry collection from Amiees, under $20. Silver leaf ring, vine ring and nature ring for everyday wear or gifting. Free shipping over $35.",https://amiees.com/products/silver-leaf-ring?utm_source=pinterest&utm_medium=organic&utm_campaign=scene_pins,https://cdn.shopify.com/s/files/1/0677/3201/3371/files/silver-leaf-ring-silver-paper.jpg,"leaf ring, silver leaf ring, vine ring, nature ring",2026-11-25 13:00:00,queued
amiees-scene-kitty-stretch-ring-silver-text,Bee & Animal Jewelry,Stretching Cat Ring Under $20,"Kitty Stretch Ring, silver tone. A cat mid stretch, wrapped around your finger. Part of the bee & animal jewelry collection from Amiees, under $20. Stretching cat ring, cute cat ring and cat lover gifts for everyday wear or gifting. Free shipping over $35.",https://amiees.com/products/kitty-stretch-ring?utm_source=pinterest&utm_medium=organic&utm_campaign=scene_pins,https://cdn.shopify.com/s/files/1/0677/3201/3371/files/kitty-stretch-ring-silver-text.jpg,"cat ring, stretching cat ring, cute cat ring, cat lover gifts",2026-11-25 18:00:00,queued
amiees-scene-sterling-silver-bee-daisy-earrings-silver-linen,Bee & Animal Jewelry,Mismatched Stud Earrings | Silver Sterling Silver Bee & Daisy Earrings,"Sterling Silver Bee & Daisy Earrings, silver tone. A bee on one ear and a daisy on the other, in sterling silver. Part of the bee & animal jewelry collection from Amiees, under $25. Bee and daisy earrings, mismatched stud earrings and garden earrings for everyday wear or gifting. Free shipping over $35.",https://amiees.com/products/sterling-silver-bee-daisy-earrings?utm_source=pinterest&utm_medium=organic&utm_campaign=scene_pins,https://cdn.shopify.com/s/files/1/0677/3201/3371/files/sterling-silver-bee-daisy-earrings-silver-linen.jpg,"bee earrings, bee and daisy earrings, mismatched stud earrings, garden earrings",2026-11-25 23:00:00,queued
amiees-scene-sterling-silver-honeybee-adjustable-ring-silver-linen,Bee & Animal Jewelry,Silver Bee Ring | Silver Sterling Silver Honeybee Ring,"Sterling Silver Honeybee Ring, silver tone. A tiny honeybee on an adjustable sterling silver band. Part of the bee & animal jewelry collection from Amiees, under $20. Honeybee ring, silver bee ring and adjustable bee ring for everyday wear or gifting. Free shipping over $35.",https://amiees.com/products/sterling-silver-honeybee-adjustable-ring?utm_source=pinterest&utm_medium=organic&utm_campaign=scene_pins,https://cdn.shopify.com/s/files/1/0677/3201/3371/files/sterling-silver-honeybee-adjustable-ring-silver-linen.jpg,"bee ring, honeybee ring, silver bee ring, adjustable bee ring",2026-11-26 13:00:00,queued
amiees-scene-panda-earrings-black-white-editorial,Bee & Animal Jewelry,Panda Gifts | Tuxedo Panda Earrings,"Panda Earrings, tuxedo cat. Round enamel pandas on gold tone hooks. Part of the bee & animal jewelry collection from Amiees, under $20. Cute animal earrings, panda gifts and black and white earrings for everyday wear or gifting. Free shipping over $35.",https://amiees.com/products/panda-earrings?utm_source=pinterest&utm_medium=organic&utm_campaign=scene_pins,https://cdn.shopify.com/s/files/1/0677/3201/3371/files/panda-earrings-black-white-editorial.jpg,"panda earrings, cute animal earrings, panda gifts, black and white earrings",2026-11-26 18:00:00,queued
amiees-scene-celestial-gold-huggie-earrings-moon-star-duo-gold-text,Celestial Jewelry,Moon & Star Huggie Earrings | Celestial Huggie Earrings,"Moon & Star Huggie Earrings, gold tone. A crescent moon and a star, each hanging from a gold tone huggie. Part of the celestial jewelry collection from Amiees, under $30. Celestial huggie earrings, gold huggie earrings and night sky jewelry for everyday wear or gifting. Free shipping over $35.",https://amiees.com/products/celestial-gold-huggie-earrings-moon-star-duo?utm_source=pinterest&utm_medium=organic&utm_campaign=scene_pins,https://cdn.shopify.com/s/files/1/0677/3201/3371/files/celestial-gold-huggie-earrings-moon-star-duo-gold-text.jpg,"moon and star earrings, celestial huggie earrings, gold huggie earrings, night sky jewelry",2026-11-26 23:00:00,queued
amiees-scene-tropical-monstera-leaf-huggie-earrings-multicolor-limestone,Botanical Jewelry,Rainbow Leaf Earrings Under $25,"Tropical Monstera Leaf Huggie Earrings, rainbow. Enamel monstera leaves on gold tone huggies, a small gift for plant lovers. Part of the botanical jewelry collection from Amiees, under $25. Monstera leaf earrings, gold leaf earrings and plant lover gifts for everyday wear or gifting. Free shipping over $35.",https://amiees.com/products/tropical-monstera-leaf-huggie-earrings?utm_source=pinterest&utm_medium=organic&utm_campaign=scene_pins,https://cdn.shopify.com/s/files/1/0677/3201/3371/files/tropical-monstera-leaf-huggie-earrings-multicolor-limestone.jpg,"leaf earrings, monstera leaf earrings, gold leaf earrings, plant lover gifts",2026-11-27 13:00:00,queued
amiees-scene-silver-cat-earrings-silver-dish,Bee & Animal Jewelry,Silver Cat Earrings | Cat and Fish Earrings,"Silver Cat Earrings, silver tone. A cat on one ear and its fish on the other. Part of the bee & animal jewelry collection from Amiees, under $20. Cat and fish earrings, silver cat earrings and mismatched earrings for everyday wear or gifting. Free shipping over $35.",https://amiees.com/products/silver-cat-earrings?utm_source=pinterest&utm_medium=organic&utm_campaign=scene_pins,https://cdn.shopify.com/s/files/1/0677/3201/3371/files/silver-cat-earrings-silver-dish.jpg,"cat earrings, cat and fish earrings, silver cat earrings, mismatched earrings",2026-11-27 18:00:00,queued
amiees-scene-raindrop-earrings-blue-ivory,Celestial Jewelry,Blue Raindrop Earrings Under $25,"Raindrop Earrings, blue. Little clouds trailing glittering raindrops. Part of the celestial jewelry collection from Amiees, under $25. Cloud earrings, rain cloud earrings and whimsical earrings for everyday wear or gifting. Free shipping over $35.",https://amiees.com/products/raindrop-earrings?utm_source=pinterest&utm_medium=organic&utm_campaign=scene_pins,https://cdn.shopify.com/s/files/1/0677/3201/3371/files/raindrop-earrings-blue-ivory.jpg,"raindrop earrings, cloud earrings, rain cloud earrings, whimsical earrings",2026-11-27 23:00:00,queued
amiees-scene-celestial-star-earrings-silver-text,Celestial Jewelry,Mismatched Earrings | Star Earrings,"Celestial Star Earrings, silver tone. A star on one ear and a crescent moon on the other. Part of the celestial jewelry collection from Amiees, under $25. Moon and star earrings, celestial earrings and mismatched earrings for everyday wear or gifting. Free shipping over $35.",https://amiees.com/products/celestial-star-earrings?utm_source=pinterest&utm_medium=organic&utm_campaign=scene_pins,https://cdn.shopify.com/s/files/1/0677/3201/3371/files/celestial-star-earrings-silver-text.jpg,"star earrings, moon and star earrings, celestial earrings, mismatched earrings",2026-11-28 13:00:00,queued
amiees-scene-silver-mouse-ring-silver-editorial,Bee & Animal Jewelry,Silver Mouse Ring | Cute Animal Ring,"Silver Mouse Ring, silver tone. A tiny mouse with its tail wrapped around the band. Part of the bee & animal jewelry collection from Amiees, under $20. Cute animal ring, silver mouse ring and wrap ring for everyday wear or gifting. Free shipping over $35.",https://amiees.com/products/silver-mouse-ring?utm_source=pinterest&utm_medium=organic&utm_campaign=scene_pins,https://cdn.shopify.com/s/files/1/0677/3201/3371/files/silver-mouse-ring-silver-editorial.jpg,"mouse ring, cute animal ring, silver mouse ring, wrap ring",2026-11-28 18:00:00,queued
amiees-scene-celestial-sun-and-moon-ring-silver-sand,Celestial Jewelry,Celestial Band Ring | Sun and Moon Ring,"Celestial Sun and Moon Ring, silver tone. Suns and moon phases cut through a simple band. Part of the celestial jewelry collection from Amiees, under $20. Celestial ring, moon phase ring and celestial band ring for everyday wear or gifting. Free shipping over $35.",https://amiees.com/products/celestial-sun-and-moon-ring?utm_source=pinterest&utm_medium=organic&utm_campaign=scene_pins,https://cdn.shopify.com/s/files/1/0677/3201/3371/files/celestial-sun-and-moon-ring-silver-sand.jpg,"sun and moon ring, celestial ring, moon phase ring, celestial band ring",2026-11-28 23:00:00,queued
amiees-scene-crystal-blossom-jewelry-set-purple-linen,Botanical Jewelry,Flower Jewelry Set | Jewelry Gift Set,"Crystal Blossom Jewelry Set, purple. The blossom necklace and matching studs together, ready to give. Part of the botanical jewelry collection from Amiees, under $40. Necklace and earrings gift set, matching jewelry set and flower jewelry set for everyday wear or gifting. Free shipping over $35.",https://amiees.com/products/crystal-blossom-jewelry-set?utm_source=pinterest&utm_medium=organic&utm_campaign=scene_pins,https://cdn.shopify.com/s/files/1/0677/3201/3371/files/crystal-blossom-jewelry-set-purple-linen.jpg,"jewelry gift set, necklace and earrings gift set, matching jewelry set, flower jewelry set",2026-11-29 13:00:00,queued
amiees-scene-silver-snake-ring-silver-editorial,Bee & Animal Jewelry,Serpent Ring | Silver Snake Ring,"Silver Snake Ring, silver tone. A sleek silver serpent coiled into an adjustable ring. Part of the bee & animal jewelry collection from Amiees, under $25. Silver snake ring, serpent ring and adjustable snake ring for everyday wear or gifting. Free shipping over $35.",https://amiees.com/products/silver-snake-ring?utm_source=pinterest&utm_medium=organic&utm_campaign=scene_pins,https://cdn.shopify.com/s/files/1/0677/3201/3371/files/silver-snake-ring-silver-editorial.jpg,"snake ring, silver snake ring, serpent ring, adjustable snake ring",2026-11-29 18:00:00,queued
amiees-scene-crystal-blossom-pendant-necklace-purple-text,Botanical Jewelry,Floral Pendant Necklace | Flower Necklace,"Crystal Blossom Pendant Necklace, purple. A five petal blossom pendant with a single crystal at its heart. Part of the botanical jewelry collection from Amiees, under $25. Cherry blossom necklace, dainty silver necklace and floral pendant necklace for everyday wear or gifting. Free shipping over $35.",https://amiees.com/products/crystal-blossom-pendant-necklace?utm_source=pinterest&utm_medium=organic&utm_campaign=scene_pins,https://cdn.shopify.com/s/files/1/0677/3201/3371/files/crystal-blossom-pendant-necklace-purple-text.jpg,"flower necklace, cherry blossom necklace, dainty silver necklace, floral pendant necklace",2026-11-29 23:00:00,queued
amiees-scene-crystal-blossom-stud-earrings-purple-linen,Botanical Jewelry,Dainty Flower Studs | Flower Stud Earrings,"Crystal Blossom Stud Earrings, purple. Blossom studs with a crystal center, small enough to wear every day. Part of the botanical jewelry collection from Amiees, under $20. Floral earrings, cherry blossom earrings and dainty flower studs for everyday wear or gifting. Free shipping over $35.",https://amiees.com/products/crystal-blossom-stud-earrings?utm_source=pinterest&utm_medium=organic&utm_campaign=scene_pins,https://cdn.shopify.com/s/files/1/0677/3201/3371/files/crystal-blossom-stud-earrings-purple-linen.jpg,"flower stud earrings, floral earrings, cherry blossom earrings, dainty flower studs",2026-11-30 13:00:00,queued
amiees-scene-sleek-kitty-ring-silver-editorial,Bee & Animal Jewelry,Cat Ear Ring Under $25,"Sleek Kitty Ring, silver tone. A simple band with two little cat ears. Part of the bee & animal jewelry collection from Amiees, under $25. Cat ear ring, minimalist cat ring and silver cat ring for everyday wear or gifting. Free shipping over $35.",https://amiees.com/products/sleek-kitty-ring?utm_source=pinterest&utm_medium=organic&utm_campaign=scene_pins,https://cdn.shopify.com/s/files/1/0677/3201/3371/files/sleek-kitty-ring-silver-editorial.jpg,"cat ring, cat ear ring, minimalist cat ring, silver cat ring",2026-11-30 18:00:00,queued
amiees-scene-celestial-set-silver-sand,Celestial Jewelry,Silver Celestial Jewelry | Celestial Set,"Celestial Set, silver tone. Star and moon earrings with a sun and moon ring, in gold tone or silver tone. Part of the celestial jewelry collection from Amiees, under $40. Moon and star jewelry, celestial jewelry set and jewelry gift set for everyday wear or gifting. Free shipping over $35.",https://amiees.com/products/celestial-set?utm_source=pinterest&utm_medium=organic&utm_campaign=scene_pins,https://cdn.shopify.com/s/files/1/0677/3201/3371/files/celestial-set-silver-sand.jpg,"celestial jewelry, moon and star jewelry, celestial jewelry set, jewelry gift set",2026-11-30 23:00:00,queued
amiees-scene-star-kitty-earrings-black-editorial,Bee & Animal Jewelry,Cute Cat Earrings | Black Star Kitty Earrings,"Star Kitty Earrings, black. Enamel cats sprinkled with stars. Part of the bee & animal jewelry collection from Amiees, under $20. Celestial cat earrings, cute cat earrings and black cat earrings for everyday wear or gifting. Free shipping over $35.",https://amiees.com/products/star-kitty-earrings?utm_source=pinterest&utm_medium=organic&utm_campaign=scene_pins,https://cdn.shopify.com/s/files/1/0677/3201/3371/files/star-kitty-earrings-black-editorial.jpg,"cat earrings, celestial cat earrings, cute cat earrings, black cat earrings",2026-12-01 13:00:00,queued
amiees-scene-sterling-silver-elephant-ring-silver-editorial,Bee & Animal Jewelry,Silver Elephant Ring Under $25,"Sterling Silver Elephant Ring, silver tone. A parade of elephants walking around a sterling silver band. Part of the bee & animal jewelry collection from Amiees, under $25. Silver elephant ring, elephant jewelry and animal band ring for everyday wear or gifting. Free shipping over $35.",https://amiees.com/products/sterling-silver-elephant-ring?utm_source=pinterest&utm_medium=organic&utm_campaign=scene_pins,https://cdn.shopify.com/s/files/1/0677/3201/3371/files/sterling-silver-elephant-ring-silver-editorial.jpg,"elephant ring, silver elephant ring, elephant jewelry, animal band ring",2026-12-01 18:00:00,queued
amiees-scene-sterling-silver-figaro-chain-necklace-silver-image-only,Botanical Jewelry,Silver Chain Necklace Under $25,"Sterling Silver Figaro Chain Necklace, silver tone. A classic figaro chain in sterling silver, for layering or wearing alone. Part of the botanical jewelry collection from Amiees, under $25. Silver chain necklace, everyday necklace and layering chain for everyday wear or gifting. Free shipping over $35.",https://amiees.com/products/sterling-silver-figaro-chain-necklace?utm_source=pinterest&utm_medium=organic&utm_campaign=scene_pins,https://cdn.shopify.com/s/files/1/0677/3201/3371/files/sterling-silver-figaro-chain-necklace-silver-image-only.jpg,"figaro chain necklace, silver chain necklace, everyday necklace, layering chain",2026-12-01 23:00:00,queued
amiees-scene-wonder-kitty-ring-silver-editorial,Bee & Animal Jewelry,Cute Cat Ring Under $25,"Wonder Kitty Ring, silver tone. A curious cat and a curled tail on an open band. Part of the bee & animal jewelry collection from Amiees, under $25. Cute cat ring, cat ring for women and unique cat ring for everyday wear or gifting. Free shipping over $35.",https://amiees.com/products/wonder-kitty-ring?utm_source=pinterest&utm_medium=organic&utm_campaign=scene_pins,https://cdn.shopify.com/s/files/1/0677/3201/3371/files/wonder-kitty-ring-silver-editorial.jpg,"cat ring, cute cat ring, cat ring for women, unique cat ring",2026-12-02 13:00:00,queued
amiees-scene-dangling-cat-earrings-black-white-editorial,Bee & Animal Jewelry,Tuxedo Cat Earrings Under $20,"Dangling Cat Earrings, tuxedo cat. Enamel cats that hang on by their paws. Part of the bee & animal jewelry collection from Amiees, under $20. Cute cat earrings, gold cat earrings and cat lover gifts for everyday wear or gifting. Free shipping over $35.",https://amiees.com/products/dangling-cat-earrings?utm_source=pinterest&utm_medium=organic&utm_campaign=scene_pins,https://cdn.shopify.com/s/files/1/0677/3201/3371/files/dangling-cat-earrings-black-white-editorial.jpg,"cat earrings, cute cat earrings, gold cat earrings, cat lover gifts",2026-12-02 18:00:00,queued
amiees-scene-dangling-cat-silver-necklace-black-white-editorial,Bee & Animal Jewelry,Cute Cat Necklace | Tuxedo Dangling Cat Silver Necklace,"Dangling Cat Silver Necklace, tuxedo cat. An enamel cat hanging from a silver tone chain. Part of the bee & animal jewelry collection from Amiees, under $20. Silver cat necklace, cute cat necklace and cat mom gifts for everyday wear or gifting. Free shipping over $35.",https://amiees.com/products/dangling-cat-silver-necklace?utm_source=pinterest&utm_medium=organic&utm_campaign=scene_pins,https://cdn.shopify.com/s/files/1/0677/3201/3371/files/dangling-cat-silver-necklace-black-white-editorial.jpg,"cat necklace, silver cat necklace, cute cat necklace, cat mom gifts",2026-12-02 23:00:00,queued
amiees-scene-aiko-cat-heart-earrings-black-cat-pale-limestone-scene-7dcb12761a9b9360,Bee & Animal Jewelry,Aiko Cat Heart Earrings | Cat Heart Earrings,"Aiko Cat Heart Earrings, black cat. A little cat sitting inside an open heart. Part of the bee & animal jewelry collection from Amiees, under $20. Cat heart earrings, black cat earrings and cat lover gifts for everyday wear or gifting. Free shipping over $35.",https://amiees.com/products/aiko-cat-heart-earrings?utm_source=pinterest&utm_medium=organic&utm_campaign=scene_pins,https://cdn.shopify.com/s/files/1/0677/3201/3371/files/aiko-cat-heart-earrings-black-cat-pale-limestone-scene-7dcb12761a9b9360.jpg,"cat earrings, cat heart earrings, black cat earrings, cat lover gifts",2026-12-03 13:00:00,queued
amiees-scene-angel-hair-bracelet-gold-tone-white-marble-scene-4c737e64d37a48ea,Botanical Jewelry,Angel Hair Bracelet | Minimalist Chain Bracelet,"Angel Hair Bracelet, gold tone. A barely there chain bracelet for stacking or wearing alone. Part of the botanical jewelry collection from Amiees, under $20. Minimalist chain bracelet, everyday bracelet and thin chain bracelet for everyday wear or gifting. Free shipping over $35.",https://amiees.com/products/angel-hair-bracelet?utm_source=pinterest&utm_medium=organic&utm_campaign=scene_pins,https://cdn.shopify.com/s/files/1/0677/3201/3371/files/angel-hair-bracelet-gold-tone-white-marble-scene-4c737e64d37a48ea.jpg,"dainty bracelet, minimalist chain bracelet, everyday bracelet, thin chain bracelet",2026-12-03 18:00:00,queued
amiees-scene-gold-dangling-cat-necklace-tan-editorial,Bee & Animal Jewelry,Orange Tabby Cat Necklace | Gold Dangling Cat Necklace,"Gold Dangling Cat Necklace, orange tabby. An enamel cat hanging from a gold tone chain. Part of the bee & animal jewelry collection from Amiees, under $20. Gold cat necklace, cute cat necklace and gifts for cat lovers for everyday wear or gifting. Free shipping over $35.",https://amiees.com/products/gold-dangling-cat-necklace?utm_source=pinterest&utm_medium=organic&utm_campaign=scene_pins,https://cdn.shopify.com/s/files/1/0677/3201/3371/files/gold-dangling-cat-necklace-tan-editorial.jpg,"cat necklace, gold cat necklace, cute cat necklace, gifts for cat lovers",2026-12-03 23:00:00,queued
amiees-scene-fox-bunny-kitty-earrings-fox-text,Bee & Animal Jewelry,Fox Earrings Under $20,"Fox, Bunny & Kitty Earrings, fox. Enamel fox, bunny and kitty earrings, each sold as its own pair. Part of the bee & animal jewelry collection from Amiees, under $20. Cute animal earrings, animal earrings and whimsical earrings for everyday wear or gifting. Free shipping over $35.",https://amiees.com/products/fox-bunny-kitty-earrings?utm_source=pinterest&utm_medium=organic&utm_campaign=scene_pins,https://cdn.shopify.com/s/files/1/0677/3201/3371/files/fox-bunny-kitty-earrings-fox-text.jpg,"fox earrings, cute animal earrings, animal earrings, whimsical earrings",2026-12-04 13:00:00,queued
amiees-scene-dangling-cat-earrings-pink-text,Bee & Animal Jewelry,Pink Cat Earrings Under $20,"Dangling Cat Earrings, pink. Enamel cats that hang on by their paws. Part of the bee & animal jewelry collection from Amiees, under $20. Cute cat earrings, gold cat earrings and cat lover gifts for everyday wear or gifting. Free shipping over $35.",https://amiees.com/products/dangling-cat-earrings?utm_source=pinterest&utm_medium=organic&utm_campaign=scene_pins,https://cdn.shopify.com/s/files/1/0677/3201/3371/files/dangling-cat-earrings-pink-text.jpg,"cat earrings, cute cat earrings, gold cat earrings, cat lover gifts",2026-12-04 18:00:00,queued
amiees-scene-dangling-cat-silver-necklace-calico-editorial,Bee & Animal Jewelry,Calico Cat Necklace | Dangling Cat Silver Necklace,"Dangling Cat Silver Necklace, calico cat. An enamel cat hanging from a silver tone chain. Part of the bee & animal jewelry collection from Amiees, under $20. Silver cat necklace, cute cat necklace and cat mom gifts for everyday wear or gifting. Free shipping over $35.",https://amiees.com/products/dangling-cat-silver-necklace?utm_source=pinterest&utm_medium=organic&utm_campaign=scene_pins,https://cdn.shopify.com/s/files/1/0677/3201/3371/files/dangling-cat-silver-necklace-calico-editorial.jpg,"cat necklace, silver cat necklace, cute cat necklace, cat mom gifts",2026-12-04 23:00:00,queued
amiees-scene-flower-kitty-earrings-white-text,Bee & Animal Jewelry,Flower Kitty Earrings | Flower Cat Earrings,"Flower Kitty Earrings, white. Enamel cats covered in daisies and leaves. Part of the bee & animal jewelry collection from Amiees, under $20. Flower cat earrings, cute cat earrings and cottagecore earrings for everyday wear or gifting. Free shipping over $35.",https://amiees.com/products/flower-kitty-earrings?utm_source=pinterest&utm_medium=organic&utm_campaign=scene_pins,https://cdn.shopify.com/s/files/1/0677/3201/3371/files/flower-kitty-earrings-white-text.jpg,"cat earrings, flower cat earrings, cute cat earrings, cottagecore earrings",2026-12-05 13:00:00,queued
amiees-scene-harmony-cat-necklace-gold-silver-duo-text,Bee & Animal Jewelry,Harmony Cat Necklace | Matching Cat Necklaces,"Harmony Cat Necklace, gold and silver pair. Two cats that fit together, one necklace for you and one to share. Part of the bee & animal jewelry collection from Amiees, under $25. Matching cat necklaces, friendship necklace and couples necklace for everyday wear or gifting. Free shipping over $35.",https://amiees.com/products/harmony-cat-necklace?utm_source=pinterest&utm_medium=organic&utm_campaign=scene_pins,https://cdn.shopify.com/s/files/1/0677/3201/3371/files/harmony-cat-necklace-gold-silver-duo-text.jpg,"cat necklace, matching cat necklaces, friendship necklace, couples necklace",2026-12-05 18:00:00,queued
amiees-scene-gold-dangling-cat-necklace-tan-text,Bee & Animal Jewelry,Cute Cat Necklace | Orange Tabby Gold Dangling Cat Necklace,"Gold Dangling Cat Necklace, orange tabby. An enamel cat hanging from a gold tone chain. Part of the bee & animal jewelry collection from Amiees, under $20. Gold cat necklace, cute cat necklace and gifts for cat lovers for everyday wear or gifting. Free shipping over $35.",https://amiees.com/products/gold-dangling-cat-necklace?utm_source=pinterest&utm_medium=organic&utm_campaign=scene_pins,https://cdn.shopify.com/s/files/1/0677/3201/3371/files/gold-dangling-cat-necklace-tan-text.jpg,"cat necklace, gold cat necklace, cute cat necklace, gifts for cat lovers",2026-12-05 23:00:00,queued
amiees-scene-silver-cat-earrings-silver-editorial,Bee & Animal Jewelry,Silver Cat Earrings Under $20,"Silver Cat Earrings, silver tone. A cat on one ear and its fish on the other. Part of the bee & animal jewelry collection from Amiees, under $20. Cat and fish earrings, silver cat earrings and mismatched earrings for everyday wear or gifting. Free shipping over $35.",https://amiees.com/products/silver-cat-earrings?utm_source=pinterest&utm_medium=organic&utm_campaign=scene_pins,https://cdn.shopify.com/s/files/1/0677/3201/3371/files/silver-cat-earrings-silver-editorial.jpg,"cat earrings, cat and fish earrings, silver cat earrings, mismatched earrings",2026-12-06 13:00:00,queued
amiees-scene-dangling-cat-earrings-calico-editorial,Bee & Animal Jewelry,Calico Cat Earrings | Dangling Cat Earrings,"Dangling Cat Earrings, calico cat. Enamel cats that hang on by their paws. Part of the bee & animal jewelry collection from Amiees, under $20. Cute cat earrings, gold cat earrings and cat lover gifts for everyday wear or gifting. Free shipping over $35.",https://amiees.com/products/dangling-cat-earrings?utm_source=pinterest&utm_medium=organic&utm_campaign=scene_pins,https://cdn.shopify.com/s/files/1/0677/3201/3371/files/dangling-cat-earrings-calico-editorial.jpg,"cat earrings, cute cat earrings, gold cat earrings, cat lover gifts",2026-12-06 18:00:00,queued
amiees-scene-dangling-cat-silver-necklace-tan-text,Bee & Animal Jewelry,Orange Tabby Cat Necklace Under $20,"Dangling Cat Silver Necklace, orange tabby. An enamel cat hanging from a silver tone chain. Part of the bee & animal jewelry collection from Amiees, under $20. Silver cat necklace, cute cat necklace and cat mom gifts for everyday wear or gifting. Free shipping over $35.",https://amiees.com/products/dangling-cat-silver-necklace?utm_source=pinterest&utm_medium=organic&utm_campaign=scene_pins,https://cdn.shopify.com/s/files/1/0677/3201/3371/files/dangling-cat-silver-necklace-tan-text.jpg,"cat necklace, silver cat necklace, cute cat necklace, cat mom gifts",2026-12-06 23:00:00,queued
amiees-scene-star-kitty-earrings-white-image-only,Bee & Animal Jewelry,Star Kitty Earrings | Celestial Cat Earrings,"Star Kitty Earrings, white. Enamel cats sprinkled with stars. Part of the bee & animal jewelry collection from Amiees, under $20. Celestial cat earrings, cute cat earrings and black cat earrings for everyday wear or gifting. Free shipping over $35.",https://amiees.com/products/star-kitty-earrings?utm_source=pinterest&utm_medium=organic&utm_campaign=scene_pins,https://cdn.shopify.com/s/files/1/0677/3201/3371/files/star-kitty-earrings-white-image-only.jpg,"cat earrings, celestial cat earrings, cute cat earrings, black cat earrings",2026-12-07 13:00:00,queued
amiees-scene-aiko-cat-heart-earrings-white-cat-text-overlay-497020133eb50b17,Bee & Animal Jewelry,White Cat Earrings Under $20,"Aiko Cat Heart Earrings, white cat. A little cat sitting inside an open heart. Part of the bee & animal jewelry collection from Amiees, under $20. Cat heart earrings, black cat earrings and cat lover gifts for everyday wear or gifting. Free shipping over $35.",https://amiees.com/products/aiko-cat-heart-earrings?utm_source=pinterest&utm_medium=organic&utm_campaign=scene_pins,https://cdn.shopify.com/s/files/1/0677/3201/3371/files/aiko-cat-heart-earrings-white-cat-text-overlay-497020133eb50b17.jpg,"cat earrings, cat heart earrings, black cat earrings, cat lover gifts",2026-12-07 18:00:00,queued
amiees-scene-angel-hair-bracelet-silver-tone-everyday-style-6df063d733fcbd90,Botanical Jewelry,Silver Dainty Bracelet Under $20,"Angel Hair Bracelet, silver tone. A barely there chain bracelet for stacking or wearing alone. Part of the botanical jewelry collection from Amiees, under $20. Minimalist chain bracelet, everyday bracelet and thin chain bracelet for everyday wear or gifting. Free shipping over $35.",https://amiees.com/products/angel-hair-bracelet?utm_source=pinterest&utm_medium=organic&utm_campaign=scene_pins,https://cdn.shopify.com/s/files/1/0677/3201/3371/files/angel-hair-bracelet-silver-tone-everyday-style-6df063d733fcbd90.jpg,"dainty bracelet, minimalist chain bracelet, everyday bracelet, thin chain bracelet",2026-12-07 23:00:00,queued
amiees-scene-gold-dangling-cat-necklace-white-gray-editorial,Bee & Animal Jewelry,Cute Cat Necklace | Siamese Gold Dangling Cat Necklace,"Gold Dangling Cat Necklace, siamese cat. An enamel cat hanging from a gold tone chain. Part of the bee & animal jewelry collection from Amiees, under $20. Gold cat necklace, cute cat necklace and gifts for cat lovers for everyday wear or gifting. Free shipping over $35.",https://amiees.com/products/gold-dangling-cat-necklace?utm_source=pinterest&utm_medium=organic&utm_campaign=scene_pins,https://cdn.shopify.com/s/files/1/0677/3201/3371/files/gold-dangling-cat-necklace-white-gray-editorial.jpg,"cat necklace, gold cat necklace, cute cat necklace, gifts for cat lovers",2026-12-08 13:00:00,queued
amiees-scene-dangling-cat-earrings-gray-editorial,Bee & Animal Jewelry,Gray Cat Earrings | Dangling Cat Earrings,"Dangling Cat Earrings, gray and white cat. Enamel cats that hang on by their paws. Part of the bee & animal jewelry collection from Amiees, under $20. Cute cat earrings, gold cat earrings and cat lover gifts for everyday wear or gifting. Free shipping over $35.",https://amiees.com/products/dangling-cat-earrings?utm_source=pinterest&utm_medium=organic&utm_campaign=scene_pins,https://cdn.shopify.com/s/files/1/0677/3201/3371/files/dangling-cat-earrings-gray-editorial.jpg,"cat earrings, cute cat earrings, gold cat earrings, cat lover gifts",2026-12-08 18:00:00,queued
amiees-scene-dangling-cat-silver-necklace-gray-editorial,Bee & Animal Jewelry,Gray Cat Necklace | Dangling Cat Silver Necklace,"Dangling Cat Silver Necklace, gray and white cat. An enamel cat hanging from a silver tone chain. Part of the bee & animal jewelry collection from Amiees, under $20. Silver cat necklace, cute cat necklace and cat mom gifts for everyday wear or gifting. Free shipping over $35.",https://amiees.com/products/dangling-cat-silver-necklace?utm_source=pinterest&utm_medium=organic&utm_campaign=scene_pins,https://cdn.shopify.com/s/files/1/0677/3201/3371/files/dangling-cat-silver-necklace-gray-editorial.jpg,"cat necklace, silver cat necklace, cute cat necklace, cat mom gifts",2026-12-08 23:00:00,queued
amiees-scene-fox-bunny-kitty-earrings-fox-editorial,Bee & Animal Jewelry,Whimsical Earrings | Fox Earrings,"Fox, Bunny & Kitty Earrings, fox. Enamel fox, bunny and kitty earrings, each sold as its own pair. Part of the bee & animal jewelry collection from Amiees, under $20. Cute animal earrings, animal earrings and whimsical earrings for everyday wear or gifting. Free shipping over $35.",https://amiees.com/products/fox-bunny-kitty-earrings?utm_source=pinterest&utm_medium=organic&utm_campaign=scene_pins,https://cdn.shopify.com/s/files/1/0677/3201/3371/files/fox-bunny-kitty-earrings-fox-editorial.jpg,"fox earrings, cute animal earrings, animal earrings, whimsical earrings",2026-12-09 13:00:00,queued
amiees-scene-cat-lover-set-silver-editorial,Bee & Animal Jewelry,Cat Jewelry Set | Cat Lover Set,"Cat Lover Set, silver tone. Cat and fish earrings with a sleek kitty ring, ready to give. Part of the bee & animal jewelry collection from Amiees, under $40. Gifts for cat lovers, cat jewelry set and cat mom gifts for everyday wear or gifting. Free shipping over $35.",https://amiees.com/products/cat-lover-set?utm_source=pinterest&utm_medium=organic&utm_campaign=scene_pins,https://cdn.shopify.com/s/files/1/0677/3201/3371/files/cat-lover-set-silver-editorial.jpg,"cat lover gifts, gifts for cat lovers, cat jewelry set, cat mom gifts",2026-12-09 18:00:00,queued
amiees-scene-hanging-kitty-necklace-silver-editorial,Bee & Animal Jewelry,Silver Cat Necklace | Silver Hanging Kitty Necklace,"Hanging Kitty Necklace, silver tone. A minimalist brushed silver cat hanging from a fine chain. Part of the bee & animal jewelry collection from Amiees, under $25. Minimalist cat necklace, silver cat necklace and cat mom gifts for everyday wear or gifting. Free shipping over $35.",https://amiees.com/products/hanging-kitty-necklace?utm_source=pinterest&utm_medium=organic&utm_campaign=scene_pins,https://cdn.shopify.com/s/files/1/0677/3201/3371/files/hanging-kitty-necklace-silver-editorial.jpg,"cat necklace, minimalist cat necklace, silver cat necklace, cat mom gifts",2026-12-09 23:00:00,queued
amiees-scene-kitty-stretch-ring-silver-editorial,Bee & Animal Jewelry,Cute Cat Ring | Silver Kitty Stretch Ring,"Kitty Stretch Ring, silver tone. A cat mid stretch, wrapped around your finger. Part of the bee & animal jewelry collection from Amiees, under $20. Stretching cat ring, cute cat ring and cat lover gifts for everyday wear or gifting. Free shipping over $35.",https://amiees.com/products/kitty-stretch-ring?utm_source=pinterest&utm_medium=organic&utm_campaign=scene_pins,https://cdn.shopify.com/s/files/1/0677/3201/3371/files/kitty-stretch-ring-silver-editorial.jpg,"cat ring, stretching cat ring, cute cat ring, cat lover gifts",2026-12-10 13:00:00,queued
amiees-scene-dangling-cat-earrings-tan-text,Bee & Animal Jewelry,Gold Cat Earrings | Orange Tabby Dangling Cat Earrings,"Dangling Cat Earrings, orange tabby. Enamel cats that hang on by their paws. Part of the bee & animal jewelry collection from Amiees, under $20. Cute cat earrings, gold cat earrings and cat lover gifts for everyday wear or gifting. Free shipping over $35.",https://amiees.com/products/dangling-cat-earrings?utm_source=pinterest&utm_medium=organic&utm_campaign=scene_pins,https://cdn.shopify.com/s/files/1/0677/3201/3371/files/dangling-cat-earrings-tan-text.jpg,"cat earrings, cute cat earrings, gold cat earrings, cat lover gifts",2026-12-10 18:00:00,queued
amiees-scene-dangling-cat-silver-necklace-tan-editorial,Bee & Animal Jewelry,Orange Tabby Cat Necklace | Dangling Cat Silver Necklace,"Dangling Cat Silver Necklace, orange tabby. An enamel cat hanging from a silver tone chain. Part of the bee & animal jewelry collection from Amiees, under $20. Silver cat necklace, cute cat necklace and cat mom gifts for everyday wear or gifting. Free shipping over $35.",https://amiees.com/products/dangling-cat-silver-necklace?utm_source=pinterest&utm_medium=organic&utm_campaign=scene_pins,https://cdn.shopify.com/s/files/1/0677/3201/3371/files/dangling-cat-silver-necklace-tan-editorial.jpg,"cat necklace, silver cat necklace, cute cat necklace, cat mom gifts",2026-12-10 23:00:00,queued
amiees-scene-panda-earrings-black-white-text,Bee & Animal Jewelry,Panda Earrings | Cute Animal Earrings,"Panda Earrings, tuxedo cat. Round enamel pandas on gold tone hooks. Part of the bee & animal jewelry collection from Amiees, under $20. Cute animal earrings, panda gifts and black and white earrings for everyday wear or gifting. Free shipping over $35.",https://amiees.com/products/panda-earrings?utm_source=pinterest&utm_medium=organic&utm_campaign=scene_pins,https://cdn.shopify.com/s/files/1/0677/3201/3371/files/panda-earrings-black-white-text.jpg,"panda earrings, cute animal earrings, panda gifts, black and white earrings",2026-12-11 13:00:00,queued
amiees-scene-silver-mouse-ring-silver-image-only,Bee & Animal Jewelry,Silver Mouse Ring Under $20,"Silver Mouse Ring, silver tone. A tiny mouse with its tail wrapped around the band. Part of the bee & animal jewelry collection from Amiees, under $20. Cute animal ring, silver mouse ring and wrap ring for everyday wear or gifting. Free shipping over $35.",https://amiees.com/products/silver-mouse-ring?utm_source=pinterest&utm_medium=organic&utm_campaign=scene_pins,https://cdn.shopify.com/s/files/1/0677/3201/3371/files/silver-mouse-ring-silver-image-only.jpg,"mouse ring, cute animal ring, silver mouse ring, wrap ring",2026-12-11 18:00:00,queued
amiees-scene-silver-snake-ring-silver-image-only,Bee & Animal Jewelry,Adjustable Snake Ring | Snake Ring,"Silver Snake Ring, silver tone. A sleek silver serpent coiled into an adjustable ring. Part of the bee & animal jewelry collection from Amiees, under $25. Silver snake ring, serpent ring and adjustable snake ring for everyday wear or gifting. Free shipping over $35.",https://amiees.com/products/silver-snake-ring?utm_source=pinterest&utm_medium=organic&utm_campaign=scene_pins,https://cdn.shopify.com/s/files/1/0677/3201/3371/files/silver-snake-ring-silver-image-only.jpg,"snake ring, silver snake ring, serpent ring, adjustable snake ring",2026-12-11 23:00:00,queued
amiees-scene-sleek-kitty-ring-silver-image-only,Bee & Animal Jewelry,Minimalist Cat Ring | Silver Sleek Kitty Ring,"Sleek Kitty Ring, silver tone. A simple band with two little cat ears. Part of the bee & animal jewelry collection from Amiees, under $25. Cat ear ring, minimalist cat ring and silver cat ring for everyday wear or gifting. Free shipping over $35.",https://amiees.com/products/sleek-kitty-ring?utm_source=pinterest&utm_medium=organic&utm_campaign=scene_pins,https://cdn.shopify.com/s/files/1/0677/3201/3371/files/sleek-kitty-ring-silver-image-only.jpg,"cat ring, cat ear ring, minimalist cat ring, silver cat ring",2026-12-12 13:00:00,queued
amiees-scene-dangling-cat-earrings-pink-editorial,Bee & Animal Jewelry,Gold Cat Earrings | Pink Dangling Cat Earrings,"Dangling Cat Earrings, pink. Enamel cats that hang on by their paws. Part of the bee & animal jewelry collection from Amiees, under $20. Cute cat earrings, gold cat earrings and cat lover gifts for everyday wear or gifting. Free shipping over $35.",https://amiees.com/products/dangling-cat-earrings?utm_source=pinterest&utm_medium=organic&utm_campaign=scene_pins,https://cdn.shopify.com/s/files/1/0677/3201/3371/files/dangling-cat-earrings-pink-editorial.jpg,"cat earrings, cute cat earrings, gold cat earrings, cat lover gifts",2026-12-12 18:00:00,queued
amiees-scene-sterling-silver-elephant-ring-silver-image-only,Bee & Animal Jewelry,Elephant Jewelry | Silver Sterling Silver Elephant Ring,"Sterling Silver Elephant Ring, silver tone. A parade of elephants walking around a sterling silver band. Part of the bee & animal jewelry collection from Amiees, under $25. Silver elephant ring, elephant jewelry and animal band ring for everyday wear or gifting. Free shipping over $35.",https://amiees.com/products/sterling-silver-elephant-ring?utm_source=pinterest&utm_medium=organic&utm_campaign=scene_pins,https://cdn.shopify.com/s/files/1/0677/3201/3371/files/sterling-silver-elephant-ring-silver-image-only.jpg,"elephant ring, silver elephant ring, elephant jewelry, animal band ring",2026-12-12 23:00:00,queued
amiees-scene-sterling-silver-figaro-chain-necklace-silver-marble,Botanical Jewelry,Everyday Necklace | Silver Sterling Silver Figaro Chain Necklace,"Sterling Silver Figaro Chain Necklace, silver tone. A classic figaro chain in sterling silver, for layering or wearing alone. Part of the botanical jewelry collection from Amiees, under $25. Silver chain necklace, everyday necklace and layering chain for everyday wear or gifting. Free shipping over $35.",https://amiees.com/products/sterling-silver-figaro-chain-necklace?utm_source=pinterest&utm_medium=organic&utm_campaign=scene_pins,https://cdn.shopify.com/s/files/1/0677/3201/3371/files/sterling-silver-figaro-chain-necklace-silver-marble.jpg,"figaro chain necklace, silver chain necklace, everyday necklace, layering chain",2026-12-13 13:00:00,queued
amiees-scene-wonder-kitty-ring-silver-image-only,Bee & Animal Jewelry,Cat Ring for Women | Silver Wonder Kitty Ring,"Wonder Kitty Ring, silver tone. A curious cat and a curled tail on an open band. Part of the bee & animal jewelry collection from Amiees, under $25. Cute cat ring, cat ring for women and unique cat ring for everyday wear or gifting. Free shipping over $35.",https://amiees.com/products/wonder-kitty-ring?utm_source=pinterest&utm_medium=organic&utm_campaign=scene_pins,https://cdn.shopify.com/s/files/1/0677/3201/3371/files/wonder-kitty-ring-silver-image-only.jpg,"cat ring, cute cat ring, cat ring for women, unique cat ring",2026-12-13 18:00:00,queued
amiees-scene-gold-dangling-cat-necklace-white-gray-text,Bee & Animal Jewelry,Siamese Cat Necklace | Gold Dangling Cat Necklace,"Gold Dangling Cat Necklace, siamese cat. An enamel cat hanging from a gold tone chain. Part of the bee & animal jewelry collection from Amiees, under $20. Gold cat necklace, cute cat necklace and gifts for cat lovers for everyday wear or gifting. Free shipping over $35.",https://amiees.com/products/gold-dangling-cat-necklace?utm_source=pinterest&utm_medium=organic&utm_campaign=scene_pins,https://cdn.shopify.com/s/files/1/0677/3201/3371/files/gold-dangling-cat-necklace-white-gray-text.jpg,"cat necklace, gold cat necklace, cute cat necklace, gifts for cat lovers",2026-12-13 23:00:00,queued
amiees-scene-dangling-cat-silver-necklace-white-gray-text,Bee & Animal Jewelry,Cute Cat Necklace | Siamese Dangling Cat Silver Necklace,"Dangling Cat Silver Necklace, siamese cat. An enamel cat hanging from a silver tone chain. Part of the bee & animal jewelry collection from Amiees, under $20. Silver cat necklace, cute cat necklace and cat mom gifts for everyday wear or gifting. Free shipping over $35.",https://amiees.com/products/dangling-cat-silver-necklace?utm_source=pinterest&utm_medium=organic&utm_campaign=scene_pins,https://cdn.shopify.com/s/files/1/0677/3201/3371/files/dangling-cat-silver-necklace-white-gray-text.jpg,"cat necklace, silver cat necklace, cute cat necklace, cat mom gifts",2026-12-14 13:00:00,queued
amiees-scene-dangling-cat-earrings-tan-editorial,Bee & Animal Jewelry,Orange Tabby Cat Earrings Under $20,"Dangling Cat Earrings, orange tabby. Enamel cats that hang on by their paws. Part of the bee & animal jewelry collection from Amiees, under $20. Cute cat earrings, gold cat earrings and cat lover gifts for everyday wear or gifting. Free shipping over $35.",https://amiees.com/products/dangling-cat-earrings?utm_source=pinterest&utm_medium=organic&utm_campaign=scene_pins,https://cdn.shopify.com/s/files/1/0677/3201/3371/files/dangling-cat-earrings-tan-editorial.jpg,"cat earrings, cute cat earrings, gold cat earrings, cat lover gifts",2026-12-14 18:00:00,queued
amiees-scene-flower-kitty-earrings-black-editorial,Bee & Animal Jewelry,Black Cat Earrings Under $20,"Flower Kitty Earrings, black. Enamel cats covered in daisies and leaves. Part of the bee & animal jewelry collection from Amiees, under $20. Flower cat earrings, cute cat earrings and cottagecore earrings for everyday wear or gifting. Free shipping over $35.",https://amiees.com/products/flower-kitty-earrings?utm_source=pinterest&utm_medium=organic&utm_campaign=scene_pins,https://cdn.shopify.com/s/files/1/0677/3201/3371/files/flower-kitty-earrings-black-editorial.jpg,"cat earrings, flower cat earrings, cute cat earrings, cottagecore earrings",2026-12-14 23:00:00,queued
amiees-scene-harmony-cat-necklace-black-silver-duo-editorial,Bee & Animal Jewelry,Cat Necklace Under $25,"Harmony Cat Necklace, black and silver pair. Two cats that fit together, one necklace for you and one to share. Part of the bee & animal jewelry collection from Amiees, under $25. Matching cat necklaces, friendship necklace and couples necklace for everyday wear or gifting. Free shipping over $35.",https://amiees.com/products/harmony-cat-necklace?utm_source=pinterest&utm_medium=organic&utm_campaign=scene_pins,https://cdn.shopify.com/s/files/1/0677/3201/3371/files/harmony-cat-necklace-black-silver-duo-editorial.jpg,"cat necklace, matching cat necklaces, friendship necklace, couples necklace",2026-12-15 13:00:00,queued
amiees-scene-silver-cat-earrings-silver-text,Bee & Animal Jewelry,Mismatched Earrings | Cat Earrings,"Silver Cat Earrings, silver tone. A cat on one ear and its fish on the other. Part of the bee & animal jewelry collection from Amiees, under $20. Cat and fish earrings, silver cat earrings and mismatched earrings for everyday wear or gifting. Free shipping over $35.",https://amiees.com/products/silver-cat-earrings?utm_source=pinterest&utm_medium=organic&utm_campaign=scene_pins,https://cdn.shopify.com/s/files/1/0677/3201/3371/files/silver-cat-earrings-silver-text.jpg,"cat earrings, cat and fish earrings, silver cat earrings, mismatched earrings",2026-12-15 18:00:00,queued
amiees-scene-star-kitty-earrings-black-image-only,Bee & Animal Jewelry,Black Cat Earrings | Cat Earrings,"Star Kitty Earrings, black. Enamel cats sprinkled with stars. Part of the bee & animal jewelry collection from Amiees, under $20. Celestial cat earrings, cute cat earrings and black cat earrings for everyday wear or gifting. Free shipping over $35.",https://amiees.com/products/star-kitty-earrings?utm_source=pinterest&utm_medium=organic&utm_campaign=scene_pins,https://cdn.shopify.com/s/files/1/0677/3201/3371/files/star-kitty-earrings-black-image-only.jpg,"cat earrings, celestial cat earrings, cute cat earrings, black cat earrings",2026-12-15 23:00:00,queued
amiees-scene-aiko-cat-heart-earrings-white-cat-pale-limestone-scene-d1059534f0b5e9fd,Bee & Animal Jewelry,Cat Lover Gifts | Cat Earrings,"Aiko Cat Heart Earrings, white cat. A little cat sitting inside an open heart. Part of the bee & animal jewelry collection from Amiees, under $20. Cat heart earrings, black cat earrings and cat lover gifts for everyday wear or gifting. Free shipping over $35.",https://amiees.com/products/aiko-cat-heart-earrings?utm_source=pinterest&utm_medium=organic&utm_campaign=scene_pins,https://cdn.shopify.com/s/files/1/0677/3201/3371/files/aiko-cat-heart-earrings-white-cat-pale-limestone-scene-d1059534f0b5e9fd.jpg,"cat earrings, cat heart earrings, black cat earrings, cat lover gifts",2026-12-16 13:00:00,queued
amiees-scene-angel-hair-bracelet-silver-tone-white-marble-scene-904f1fd0a2210f0f,Botanical Jewelry,Thin Chain Bracelet | Dainty Bracelet,"Angel Hair Bracelet, silver tone. A barely there chain bracelet for stacking or wearing alone. Part of the botanical jewelry collection from Amiees, under $20. Minimalist chain bracelet, everyday bracelet and thin chain bracelet for everyday wear or gifting. Free shipping over $35.",https://amiees.com/products/angel-hair-bracelet?utm_source=pinterest&utm_medium=organic&utm_campaign=scene_pins,https://cdn.shopify.com/s/files/1/0677/3201/3371/files/angel-hair-bracelet-silver-tone-white-marble-scene-904f1fd0a2210f0f.jpg,"dainty bracelet, minimalist chain bracelet, everyday bracelet, thin chain bracelet",2026-12-16 18:00:00,queued
amiees-scene-dangling-cat-earrings-white-gray-text,Bee & Animal Jewelry,Siamese Cat Earrings Under $20,"Dangling Cat Earrings, siamese cat. Enamel cats that hang on by their paws. Part of the bee & animal jewelry collection from Amiees, under $20. Cute cat earrings, gold cat earrings and cat lover gifts for everyday wear or gifting. Free shipping over $35.",https://amiees.com/products/dangling-cat-earrings?utm_source=pinterest&utm_medium=organic&utm_campaign=scene_pins,https://cdn.shopify.com/s/files/1/0677/3201/3371/files/dangling-cat-earrings-white-gray-text.jpg,"cat earrings, cute cat earrings, gold cat earrings, cat lover gifts",2026-12-16 23:00:00,queued
amiees-scene-fox-bunny-kitty-earrings-kitty-bag-text,Bee & Animal Jewelry,"Cat Earrings | Fox, Bunny & Kitty Earrings","Fox, Bunny & Kitty Earrings, lunch bag kitty. Enamel fox, bunny and kitty earrings, each sold as its own pair. Part of the bee & animal jewelry collection from Amiees, under $20. Cute animal earrings, animal earrings and whimsical earrings for everyday wear or gifting. Free shipping over $35.",https://amiees.com/products/fox-bunny-kitty-earrings?utm_source=pinterest&utm_medium=organic&utm_campaign=scene_pins,https://cdn.shopify.com/s/files/1/0677/3201/3371/files/fox-bunny-kitty-earrings-kitty-bag-text.jpg,"cat earrings, cute animal earrings, animal earrings, whimsical earrings",2026-12-17 13:00:00,queued
amiees-scene-gold-dangling-cat-necklace-calico-editorial,Bee & Animal Jewelry,Calico Cat Necklace | Gold Dangling Cat Necklace,"Gold Dangling Cat Necklace, calico cat. An enamel cat hanging from a gold tone chain. Part of the bee & animal jewelry collection from Amiees, under $20. Gold cat necklace, cute cat necklace and gifts for cat lovers for everyday wear or gifting. Free shipping over $35.",https://amiees.com/products/gold-dangling-cat-necklace?utm_source=pinterest&utm_medium=organic&utm_campaign=scene_pins,https://cdn.shopify.com/s/files/1/0677/3201/3371/files/gold-dangling-cat-necklace-calico-editorial.jpg,"cat necklace, gold cat necklace, cute cat necklace, gifts for cat lovers",2026-12-17 18:00:00,queued
amiees-scene-dangling-cat-silver-necklace-white-gray-editorial,Bee & Animal Jewelry,Siamese Cat Necklace Under $20,"Dangling Cat Silver Necklace, siamese cat. An enamel cat hanging from a silver tone chain. Part of the bee & animal jewelry collection from Amiees, under $20. Silver cat necklace, cute cat necklace and cat mom gifts for everyday wear or gifting. Free shipping over $35.",https://amiees.com/products/dangling-cat-silver-necklace?utm_source=pinterest&utm_medium=organic&utm_campaign=scene_pins,https://cdn.shopify.com/s/files/1/0677/3201/3371/files/dangling-cat-silver-necklace-white-gray-editorial.jpg,"cat necklace, silver cat necklace, cute cat necklace, cat mom gifts",2026-12-17 23:00:00,queued
amiees-scene-dangling-cat-earrings-white-gray-editorial,Bee & Animal Jewelry,Siamese Cat Earrings | Dangling Cat Earrings,"Dangling Cat Earrings, siamese cat. Enamel cats that hang on by their paws. Part of the bee & animal jewelry collection from Amiees, under $20. Cute cat earrings, gold cat earrings and cat lover gifts for everyday wear or gifting. Free shipping over $35.",https://amiees.com/products/dangling-cat-earrings?utm_source=pinterest&utm_medium=organic&utm_campaign=scene_pins,https://cdn.shopify.com/s/files/1/0677/3201/3371/files/dangling-cat-earrings-white-gray-editorial.jpg,"cat earrings, cute cat earrings, gold cat earrings, cat lover gifts",2026-12-18 13:00:00,queued
